info: PortalSaas.Core.Infraestructura.PluginManager[0]
      M¢dulo Administracion v1.0.0 cargado (5 entradas de men£)
info: PortalSaas.Core.Infraestructura.PluginManager[0]
      M¢dulo Compras v1.0.0 cargado (3 entradas de men£)
info: PortalSaas.Core.Infraestructura.PluginManager[0]
      M¢dulo ImportacionGenerica v1.0.0 cargado (4 entradas de men£)
info: PortalSaas.Core.Infraestructura.PluginManager[0]
      M¢dulo Inventario v1.0.0 cargado (3 entradas de men£)
info: PortalSaas.Core.Infraestructura.PluginManager[0]
      M¢dulo Rendiciones v1.0.0 cargado (16 entradas de men£)
info: PortalSaas.Core.Infraestructura.PluginManager[0]
      M¢dulo Ventas v1.0.0 cargado (8 entradas de men£)
info: Microsoft.EntityFrameworkCore.Database.Command[20101]
      Executed DbCommand (17ms) [Parameters=[], CommandType='Text', CommandTimeout='30']
      SELECT m.id, m.code, m.icon, m.is_active, m.level, m.name, m."order", m.origin_module, m.page_path, m.parent_menu_id
      FROM menus AS m
info: Microsoft.Hosting.Lifetime[14]
      Now listening on: https://localhost:7207
info: Microsoft.Hosting.Lifetime[14]
      Now listening on: http://localhost:5271
info: Microsoft.Hosting.Lifetime[0]
      Application started. Press Ctrl+C to shut down.
info: Microsoft.Hosting.Lifetime[0]
      Hosting environment: Development
info: Microsoft.Hosting.Lifetime[0]
      Content root path: C:\PROYECTOS\Proyecto Saas Portal\src\PortalSaas.Host\bin\x64\Debug\net8.0
info: Microsoft.EntityFrameworkCore.Database.Command[20101]
      Executed DbCommand (13ms) [Parameters=[@__organizationSlug_0='?'], CommandType='Text', CommandTimeout='30']
      SELECT o.id, o.country, o.created_at, o.legal_name, o.mode, o.slug, o.status, o.tax_id
      FROM organizations AS o
      WHERE o.slug = @__organizationSlug_0
      LIMIT 1
info: Microsoft.EntityFrameworkCore.Database.Command[20101]
      Executed DbCommand (3ms) [Parameters=[@__organizationSlug_0='?'], CommandType='Text', CommandTimeout='30']
      SELECT o.id, o.country, o.created_at, o.legal_name, o.mode, o.slug, o.status, o.tax_id
      FROM organizations AS o
      WHERE o.slug = @__organizationSlug_0
      LIMIT 1
info: Microsoft.EntityFrameworkCore.Database.Command[20101]
      Executed DbCommand (3ms) [Parameters=[@__organizationId_0='?' (DbType = Guid), @__normalizedInput_1='?', @__normalizedInput_1_1='?'], CommandType='Text', CommandTimeout='30']
      SELECT u.id, u.created_at, u.email, u.failed_login_attempts, u.has_two_factor_enabled, u.is_active, u.is_admin, u.is_email_confirmed, u.is_locked, u.last_login_at, u.organization_id, u.password_hash, u.password_salt, u.two_factor_method, u.two_factor_secret, u.username
      FROM users AS u
      WHERE u.organization_id = @__organizationId_0 AND (lower(u.username) = @__normalizedInput_1 OR lower(u.email) = @__normalizedInput_1_1)
      LIMIT 1
info: Microsoft.EntityFrameworkCore.Database.Command[20101]
      Executed DbCommand (7ms) [Parameters=[@p1='?' (DbType = Guid), @p0='?' (DbType = DateTime)], CommandType='Text', CommandTimeout='30']
      UPDATE users SET last_login_at = @p0
      WHERE id = @p1;
info: Microsoft.EntityFrameworkCore.Database.Command[20101]
      Executed DbCommand (2ms) [Parameters=[@__organizationId_0='?' (DbType = Guid)], CommandType='Text', CommandTimeout='30']
      SELECT o.id, o.activation_key, o.expires_at, o.installation_fingerprint, o.issued_at, o.organization_id, o.plan_id, o.status
      FROM on_premise_licenses AS o
      WHERE o.organization_id = @__organizationId_0
      ORDER BY o.issued_at DESC
      LIMIT 1
info: Microsoft.EntityFrameworkCore.Database.Command[20101]
      Executed DbCommand (2ms) [Parameters=[@__result_UserId_0='?' (DbType = Guid)], CommandType='Text', CommandTimeout='30']
      SELECT u.id, u.created_at, u.email, u.failed_login_attempts, u.has_two_factor_enabled, u.is_active, u.is_admin, u.is_email_confirmed, u.is_locked, u.last_login_at, u.organization_id, u.password_hash, u.password_salt, u.two_factor_method, u.two_factor_secret, u.username
      FROM users AS u
      WHERE u.id = @__result_UserId_0
      LIMIT 1
info: Microsoft.EntityFrameworkCore.Database.Command[20101]
      Executed DbCommand (5ms) [Parameters=[@p0='?' (DbType = Guid), @p1='?' (DbType = Guid), @p2='?' (DbType = DateTime), @p3='?', @p4='?' (DbType = Boolean), @p5='?' (DbType = Guid), @p6='?' (DbType = DateTime), @p7='?', @p8='?', @p9='?' (DbType = Guid)], CommandType='Text', CommandTimeout='30']
      INSERT INTO user_sessions (id, company_id, created_at, ip_address, is_revoked, organization_id, revoked_at, token_hash, user_agent, user_id)
      VALUES (@p0, @p1, @p2, @p3, @p4, @p5, @p6, @p7, @p8, @p9);
info: Microsoft.EntityFrameworkCore.Database.Command[20101]
      Executed DbCommand (3ms) [Parameters=[@__organization_Id_0='?' (DbType = Guid)], CommandType='Text', CommandTimeout='30']
      SELECT EXISTS (
          SELECT 1
          FROM companies AS c
          WHERE c.organization_id = @__organization_Id_0 AND c.is_active)
info: Microsoft.EntityFrameworkCore.Database.Command[20101]
      Executed DbCommand (4ms) [Parameters=[@__tokenHash_0='?'], CommandType='Text', CommandTimeout='30']
      SELECT u.id, u.company_id, u.created_at, u.ip_address, u.is_revoked, u.organization_id, u.revoked_at, u.token_hash, u.user_agent, u.user_id
      FROM user_sessions AS u
      WHERE u.token_hash = @__tokenHash_0
      LIMIT 1
info: Microsoft.EntityFrameworkCore.Database.Command[20101]
      Executed DbCommand (2ms) [Parameters=[], CommandType='Text', CommandTimeout='30']
      SELECT m.id AS "Id", m.parent_menu_id AS "ParentMenuId", m.origin_module AS "OriginModule", m.code AS "Code", m.name AS "Name", m.icon AS "Icon", m.page_path AS "PagePath", m."order" AS "Order"
      FROM menus AS m
      WHERE m.is_active
info: Microsoft.EntityFrameworkCore.Database.Command[20101]
      Executed DbCommand (3ms) [Parameters=[], CommandType='Text', CommandTimeout='30']
      SELECT p.code
      FROM platform_modules AS p
info: Microsoft.EntityFrameworkCore.Database.Command[20101]
      Executed DbCommand (4ms) [Parameters=[@__organizationId_0='?' (DbType = Guid)], CommandType='Text', CommandTimeout='30']
      SELECT p.code
      FROM organization_module_visibilities AS o
      INNER JOIN platform_modules AS p ON o.module_id = p.id
      WHERE o.organization_id = @__organizationId_0 AND o.is_hidden
info: Microsoft.EntityFrameworkCore.Database.Command[20101]
      Executed DbCommand (3ms) [Parameters=[@__userId_0='?' (DbType = Guid)], CommandType='Text', CommandTimeout='30']
      SELECT u.menu_id
      FROM user_home_shortcuts AS u
      WHERE u.user_id = @__userId_0
      ORDER BY u."order", u.id
info: Microsoft.EntityFrameworkCore.Database.Command[20101]
      Executed DbCommand (3ms) [Parameters=[], CommandType='Text', CommandTimeout='30']
      SELECT m.id AS "Id", m.parent_menu_id AS "ParentMenuId", m.origin_module AS "OriginModule", m.code AS "Code", m.name AS "Name", m.icon AS "Icon", m.page_path AS "PagePath", m."order" AS "Order"
      FROM menus AS m
      WHERE m.is_active
info: Microsoft.EntityFrameworkCore.Database.Command[20101]
      Executed DbCommand (2ms) [Parameters=[], CommandType='Text', CommandTimeout='30']
      SELECT p.code
      FROM platform_modules AS p
info: Microsoft.EntityFrameworkCore.Database.Command[20101]
      Executed DbCommand (2ms) [Parameters=[@__organizationId_0='?' (DbType = Guid)], CommandType='Text', CommandTimeout='30']
      SELECT p.code
      FROM organization_module_visibilities AS o
      INNER JOIN platform_modules AS p ON o.module_id = p.id
      WHERE o.organization_id = @__organizationId_0 AND o.is_hidden
info: Microsoft.EntityFrameworkCore.Database.Command[20101]
      Executed DbCommand (123ms) [Parameters=[@__tokenHash_0='?'], CommandType='Text', CommandTimeout='30']
      SELECT u.id, u.company_id, u.created_at, u.ip_address, u.is_revoked, u.organization_id, u.revoked_at, u.token_hash, u.user_agent, u.user_id
      FROM user_sessions AS u
      WHERE u.token_hash = @__tokenHash_0
      LIMIT 1
info: Microsoft.EntityFrameworkCore.Database.Command[20101]
      Executed DbCommand (104ms) [Parameters=[@___currentCompany_CompanyId_0='?' (DbType = Guid)], CommandType='Text', CommandTimeout='30']
      SELECT c.id, c.code, c.country, c.database_name, c.instance_id, c.integration_secret_key, c.integration_username, c.is_active, c.name, c.organization_id, c.service_layer_url, i.id, i.engine_type, i.host, i.is_active, i.name, i.organization_id, i.port, i.technical_secret_key, i.technical_username
      FROM companies AS c
      INNER JOIN instances AS i ON c.instance_id = i.id
      WHERE c.id = @___currentCompany_CompanyId_0 AND c.is_active
      LIMIT 1
fail: Microsoft.AspNetCore.Diagnostics.DeveloperExceptionPageMiddleware[1]
      An unhandled exception has occurred while executing the request.
      Sap.Data.Hana.HanaException (0x80004005): Connection failed (RTE:[89006] System call 'connect' failed, rc=10060:Se produjo un error durante el intento de conexi¢n ya que la parte conectada no respondi¢ adecuadamente tras un periodo de tiempo, o bien se produjo un error en la conexi¢n establecida ya que el host conectado no ha podido responder {172.16.122.48:30015} (hw-depor-hdb:30015))
         at Sap.Data.Hana.HanaConnection.Open()
         at System.Data.Common.DbConnection.OpenAsync(CancellationToken cancellationToken)
      --- End of stack trace from previous location ---
         at PortalSaas.Core.Sap.HanaService.QueryAsync[T](String sqlParametrizado, Object parametros, CancellationToken ct) in C:\PROYECTOS\Proyecto Saas Portal\src\PortalSaas.Core\Sap\HanaService.cs:line 75
         at PortalSaas.Core.Ventas.SalesDocumentService.ListAsync(SalesDocumentType type, SalesDocumentFilter filter, Int32 page, Int32 pageSize, CancellationToken ct) in C:\PROYECTOS\Proyecto Saas Portal\src\PortalSaas.Core\Ventas\SalesDocumentService.cs:line 134
         at Modulo.Ventas.Pages.IndexGenericSalesDocumentModelBase.OnGetAsync(CancellationToken ct) in C:\PROYECTOS\Proyecto Saas Portal\plugins\Modulo.Ventas\Pages\IndexGenericSalesDocumentModelBase.cs:line 86
         at Microsoft.AspNetCore.Mvc.RazorPages.Infrastructure.ExecutorFactory.GenericTaskHandlerMethod.Convert[T](Object taskAsObject)
         at Microsoft.AspNetCore.Mvc.RazorPages.Infrastructure.ExecutorFactory.GenericTaskHandlerMethod.Execute(Object receiver, Object[] arguments)
         at Microsoft.AspNetCore.Mvc.RazorPages.Infrastructure.PageActionInvoker.InvokeHandlerMethodAsync()
         at Microsoft.AspNetCore.Mvc.RazorPages.Infrastructure.PageActionInvoker.InvokeNextPageFilterAsync()
         at Microsoft.AspNetCore.Mvc.RazorPages.Infrastructure.PageActionInvoker.Rethrow(PageHandlerExecutedContext context)
         at Microsoft.AspNetCore.Mvc.RazorPages.Infrastructure.PageActionInvoker.Next(State& next, Scope& scope, Object& state, Boolean& isCompleted)
         at Microsoft.AspNetCore.Mvc.RazorPages.Infrastructure.PageActionInvoker.InvokeInnerFilterAsync()
         at Microsoft.AspNetCore.Mvc.Infrastructure.ResourceInvoker.<InvokeNextResourceFilter>g__Awaited|25_0(ResourceInvoker invoker, Task lastTask, State next, Scope scope, Object state, Boolean isCompleted)
         at Microsoft.AspNetCore.Mvc.Infrastructure.ResourceInvoker.Rethrow(ResourceExecutedContextSealed context)
         at Microsoft.AspNetCore.Mvc.Infrastructure.ResourceInvoker.Next(State& next, Scope& scope, Object& state, Boolean& isCompleted)
         at Microsoft.AspNetCore.Mvc.Infrastructure.ResourceInvoker.<InvokeFilterPipelineAsync>g__Awaited|20_0(ResourceInvoker invoker, Task lastTask, State next, Scope scope, Object state, Boolean isCompleted)
         at Microsoft.AspNetCore.Mvc.Infrastructure.ResourceInvoker.<InvokeAsync>g__Awaited|17_0(ResourceInvoker invoker, Task task, IDisposable scope)
         at Microsoft.AspNetCore.Mvc.Infrastructure.ResourceInvoker.<InvokeAsync>g__Awaited|17_0(ResourceInvoker invoker, Task task, IDisposable scope)
         at Microsoft.AspNetCore.Authorization.AuthorizationMiddleware.Invoke(HttpContext context)
         at Microsoft.AspNetCore.Authentication.AuthenticationMiddleware.Invoke(HttpContext context)
         at Microsoft.AspNetCore.Diagnostics.DeveloperExceptionPageMiddlewareImpl.Invoke(HttpContext context)
info: Microsoft.EntityFrameworkCore.Database.Command[20101]
      Executed DbCommand (4ms) [Parameters=[@__tokenHash_0='?'], CommandType='Text', CommandTimeout='30']
      SELECT u.id, u.company_id, u.created_at, u.ip_address, u.is_revoked, u.organization_id, u.revoked_at, u.token_hash, u.user_agent, u.user_id
      FROM user_sessions AS u
      WHERE u.token_hash = @__tokenHash_0
      LIMIT 1
info: Microsoft.EntityFrameworkCore.Database.Command[20101]
      Executed DbCommand (2ms) [Parameters=[@__organizationId_0='?' (DbType = Guid)], CommandType='Text', CommandTimeout='30']
      SELECT c.code, c.name, c.id::text
      FROM companies AS c
      WHERE c.organization_id = @__organizationId_0 AND c.is_active
      ORDER BY c.code
info: Microsoft.EntityFrameworkCore.Database.Command[20101]
      Executed DbCommand (3ms) [Parameters=[@__tokenHash_0='?'], CommandType='Text', CommandTimeout='30']
      SELECT u.id, u.company_id, u.created_at, u.ip_address, u.is_revoked, u.organization_id, u.revoked_at, u.token_hash, u.user_agent, u.user_id
      FROM user_sessions AS u
      WHERE u.token_hash = @__tokenHash_0
      LIMIT 1
info: Microsoft.EntityFrameworkCore.Database.Command[20101]
      Executed DbCommand (2ms) [Parameters=[@__organizationId_0='?' (DbType = Guid)], CommandType='Text', CommandTimeout='30']
      SELECT c.code, c.name, c.id::text
      FROM companies AS c
      WHERE c.organization_id = @__organizationId_0 AND c.is_active
      ORDER BY c.code
info: Microsoft.EntityFrameworkCore.Database.Command[20101]
      Executed DbCommand (2ms) [Parameters=[@__tokenHash_0='?'], CommandType='Text', CommandTimeout='30']
      SELECT u.id, u.company_id, u.created_at, u.ip_address, u.is_revoked, u.organization_id, u.revoked_at, u.token_hash, u.user_agent, u.user_id
      FROM user_sessions AS u
      WHERE u.token_hash = @__tokenHash_0
      LIMIT 1
info: Microsoft.EntityFrameworkCore.Database.Command[20101]
      Executed DbCommand (2ms) [Parameters=[@__organizationId_0='?' (DbType = Guid)], CommandType='Text', CommandTimeout='30']
      SELECT c.code, c.name, c.id::text
      FROM companies AS c
      WHERE c.organization_id = @__organizationId_0 AND c.is_active
      ORDER BY c.code
info: Microsoft.EntityFrameworkCore.Database.Command[20101]
      Executed DbCommand (4ms) [Parameters=[@__organizationSlug_0='?'], CommandType='Text', CommandTimeout='30']
      SELECT o.id, o.country, o.created_at, o.legal_name, o.mode, o.slug, o.status, o.tax_id
      FROM organizations AS o
      WHERE o.slug = @__organizationSlug_0
      LIMIT 1
info: Microsoft.EntityFrameworkCore.Database.Command[20101]
      Executed DbCommand (4ms) [Parameters=[@__organizationId_0='?' (DbType = Guid), @__normalizedInput_1='?', @__normalizedInput_1_1='?'], CommandType='Text', CommandTimeout='30']
      SELECT u.id, u.created_at, u.email, u.failed_login_attempts, u.has_two_factor_enabled, u.is_active, u.is_admin, u.is_email_confirmed, u.is_locked, u.last_login_at, u.organization_id, u.password_hash, u.password_salt, u.two_factor_method, u.two_factor_secret, u.username
      FROM users AS u
      WHERE u.organization_id = @__organizationId_0 AND (lower(u.username) = @__normalizedInput_1 OR lower(u.email) = @__normalizedInput_1_1)
      LIMIT 1
info: Microsoft.EntityFrameworkCore.Database.Command[20101]
      Executed DbCommand (9ms) [Parameters=[@p1='?' (DbType = Guid), @p0='?' (DbType = Int32)], CommandType='Text', CommandTimeout='30']
      UPDATE users SET failed_login_attempts = @p0
      WHERE id = @p1;
info: Microsoft.EntityFrameworkCore.Database.Command[20101]
      Executed DbCommand (21ms) [Parameters=[@__organizationSlug_0='?'], CommandType='Text', CommandTimeout='30']
      SELECT o.id, o.country, o.created_at, o.legal_name, o.mode, o.slug, o.status, o.tax_id
      FROM organizations AS o
      WHERE o.slug = @__organizationSlug_0
      LIMIT 1
info: Microsoft.EntityFrameworkCore.Database.Command[20101]
      Executed DbCommand (4ms) [Parameters=[@__organizationId_0='?' (DbType = Guid), @__normalizedInput_1='?', @__normalizedInput_1_1='?'], CommandType='Text', CommandTimeout='30']
      SELECT u.id, u.created_at, u.email, u.failed_login_attempts, u.has_two_factor_enabled, u.is_active, u.is_admin, u.is_email_confirmed, u.is_locked, u.last_login_at, u.organization_id, u.password_hash, u.password_salt, u.two_factor_method, u.two_factor_secret, u.username
      FROM users AS u
      WHERE u.organization_id = @__organizationId_0 AND (lower(u.username) = @__normalizedInput_1 OR lower(u.email) = @__normalizedInput_1_1)
      LIMIT 1
info: Microsoft.EntityFrameworkCore.Database.Command[20101]
      Executed DbCommand (11ms) [Parameters=[@p2='?' (DbType = Guid), @p0='?' (DbType = Int32), @p1='?' (DbType = DateTime)], CommandType='Text', CommandTimeout='30']
      UPDATE users SET failed_login_attempts = @p0, last_login_at = @p1
      WHERE id = @p2;
info: Microsoft.EntityFrameworkCore.Database.Command[20101]
      Executed DbCommand (22ms) [Parameters=[@__organizationId_0='?' (DbType = Guid)], CommandType='Text', CommandTimeout='30']
      SELECT o.id, o.activation_key, o.expires_at, o.installation_fingerprint, o.issued_at, o.organization_id, o.plan_id, o.status
      FROM on_premise_licenses AS o
      WHERE o.organization_id = @__organizationId_0
      ORDER BY o.issued_at DESC
      LIMIT 1
info: Microsoft.EntityFrameworkCore.Database.Command[20101]
      Executed DbCommand (65ms) [Parameters=[@__result_UserId_0='?' (DbType = Guid)], CommandType='Text', CommandTimeout='30']
      SELECT u.id, u.created_at, u.email, u.failed_login_attempts, u.has_two_factor_enabled, u.is_active, u.is_admin, u.is_email_confirmed, u.is_locked, u.last_login_at, u.organization_id, u.password_hash, u.password_salt, u.two_factor_method, u.two_factor_secret, u.username
      FROM users AS u
      WHERE u.id = @__result_UserId_0
      LIMIT 1
info: Microsoft.EntityFrameworkCore.Database.Command[20101]
      Executed DbCommand (118ms) [Parameters=[@p0='?' (DbType = Guid), @p1='?' (DbType = Guid), @p2='?' (DbType = DateTime), @p3='?', @p4='?' (DbType = Boolean), @p5='?' (DbType = Guid), @p6='?' (DbType = DateTime), @p7='?', @p8='?', @p9='?' (DbType = Guid)], CommandType='Text', CommandTimeout='30']
      INSERT INTO user_sessions (id, company_id, created_at, ip_address, is_revoked, organization_id, revoked_at, token_hash, user_agent, user_id)
      VALUES (@p0, @p1, @p2, @p3, @p4, @p5, @p6, @p7, @p8, @p9);
info: Microsoft.EntityFrameworkCore.Database.Command[20101]
      Executed DbCommand (22ms) [Parameters=[@__organization_Id_0='?' (DbType = Guid)], CommandType='Text', CommandTimeout='30']
      SELECT EXISTS (
          SELECT 1
          FROM companies AS c
          WHERE c.organization_id = @__organization_Id_0 AND c.is_active)
info: Microsoft.EntityFrameworkCore.Database.Command[20101]
      Executed DbCommand (4ms) [Parameters=[@__tokenHash_0='?'], CommandType='Text', CommandTimeout='30']
      SELECT u.id, u.company_id, u.created_at, u.ip_address, u.is_revoked, u.organization_id, u.revoked_at, u.token_hash, u.user_agent, u.user_id
      FROM user_sessions AS u
      WHERE u.token_hash = @__tokenHash_0
      LIMIT 1
info: Microsoft.EntityFrameworkCore.Database.Command[20101]
      Executed DbCommand (4ms) [Parameters=[@__organizationId_0='?' (DbType = Guid)], CommandType='Text', CommandTimeout='30']
      SELECT c.code, c.name, c.id::text
      FROM companies AS c
      WHERE c.organization_id = @__organizationId_0 AND c.is_active
      ORDER BY c.code
info: Microsoft.EntityFrameworkCore.Database.Command[20101]
      Executed DbCommand (17ms) [Parameters=[@__tokenHash_0='?'], CommandType='Text', CommandTimeout='30']
      SELECT u.id, u.company_id, u.created_at, u.ip_address, u.is_revoked, u.organization_id, u.revoked_at, u.token_hash, u.user_agent, u.user_id
      FROM user_sessions AS u
      WHERE u.token_hash = @__tokenHash_0
      LIMIT 1
info: Microsoft.EntityFrameworkCore.Database.Command[20101]
      Executed DbCommand (7ms) [Parameters=[@__organizationId_0='?' (DbType = Guid)], CommandType='Text', CommandTimeout='30']
      SELECT c.code, c.name, c.id::text
      FROM companies AS c
      WHERE c.organization_id = @__organizationId_0 AND c.is_active
      ORDER BY c.code
info: Microsoft.EntityFrameworkCore.Database.Command[20101]
      Executed DbCommand (61ms) [Parameters=[@__Input_CompanyId_0='?' (DbType = Guid), @__organizationId_1='?' (DbType = Guid)], CommandType='Text', CommandTimeout='30']
      SELECT c.id, c.code, c.country, c.database_name, c.instance_id, c.integration_secret_key, c.integration_username, c.is_active, c.name, c.organization_id, c.service_layer_url
      FROM companies AS c
      WHERE c.id = @__Input_CompanyId_0 AND c.organization_id = @__organizationId_1 AND c.is_active
      LIMIT 1
info: Microsoft.EntityFrameworkCore.Database.Command[20101]
      Executed DbCommand (6ms) [Parameters=[@__tokenHash_0='?'], CommandType='Text', CommandTimeout='30']
      SELECT u.id, u.company_id, u.created_at, u.ip_address, u.is_revoked, u.organization_id, u.revoked_at, u.token_hash, u.user_agent, u.user_id
      FROM user_sessions AS u
      WHERE u.token_hash = @__tokenHash_0
      LIMIT 1
info: Microsoft.EntityFrameworkCore.Database.Command[20101]
      Executed DbCommand (9ms) [Parameters=[@__tokenHash_0='?'], CommandType='Text', CommandTimeout='30']
      SELECT u.id, u.company_id, u.created_at, u.ip_address, u.is_revoked, u.organization_id, u.revoked_at, u.token_hash, u.user_agent, u.user_id
      FROM user_sessions AS u
      WHERE u.token_hash = @__tokenHash_0
      LIMIT 1
info: Microsoft.EntityFrameworkCore.Database.Command[20101]
      Executed DbCommand (9ms) [Parameters=[@__organizationId_0='?' (DbType = Guid)], CommandType='Text', CommandTimeout='30']
      SELECT c.code, c.name, c.id::text
      FROM companies AS c
      WHERE c.organization_id = @__organizationId_0 AND c.is_active
      ORDER BY c.code
info: Microsoft.EntityFrameworkCore.Database.Command[20101]
      Executed DbCommand (9ms) [Parameters=[@__Input_CompanyId_0='?' (DbType = Guid), @__organizationId_1='?' (DbType = Guid)], CommandType='Text', CommandTimeout='30']
      SELECT c.id, c.code, c.country, c.database_name, c.instance_id, c.integration_secret_key, c.integration_username, c.is_active, c.name, c.organization_id, c.service_layer_url
      FROM companies AS c
      WHERE c.id = @__Input_CompanyId_0 AND c.organization_id = @__organizationId_1 AND c.is_active
      LIMIT 1
info: Microsoft.EntityFrameworkCore.Database.Command[20101]
      Executed DbCommand (8ms) [Parameters=[@__tokenHash_0='?'], CommandType='Text', CommandTimeout='30']
      SELECT u.id, u.company_id, u.created_at, u.ip_address, u.is_revoked, u.organization_id, u.revoked_at, u.token_hash, u.user_agent, u.user_id
      FROM user_sessions AS u
      WHERE u.token_hash = @__tokenHash_0
      LIMIT 1
info: Microsoft.EntityFrameworkCore.Database.Command[20101]
      Executed DbCommand (17ms) [Parameters=[@p1='?' (DbType = Guid), @p0='?' (DbType = Guid)], CommandType='Text', CommandTimeout='30']
      UPDATE user_sessions SET company_id = @p0
      WHERE id = @p1;
info: Microsoft.EntityFrameworkCore.Database.Command[20101]
      Executed DbCommand (7ms) [Parameters=[@p1='?' (DbType = Guid), @p0='?' (DbType = Guid)], CommandType='Text', CommandTimeout='30']
      UPDATE user_sessions SET company_id = @p0
      WHERE id = @p1;
info: Microsoft.EntityFrameworkCore.Database.Command[20101]
      Executed DbCommand (6ms) [Parameters=[@__tokenHash_0='?'], CommandType='Text', CommandTimeout='30']
      SELECT u.id, u.company_id, u.created_at, u.ip_address, u.is_revoked, u.organization_id, u.revoked_at, u.token_hash, u.user_agent, u.user_id
      FROM user_sessions AS u
      WHERE u.token_hash = @__tokenHash_0
      LIMIT 1
info: Microsoft.EntityFrameworkCore.Database.Command[20101]
      Executed DbCommand (5ms) [Parameters=[], CommandType='Text', CommandTimeout='30']
      SELECT m.id AS "Id", m.parent_menu_id AS "ParentMenuId", m.origin_module AS "OriginModule", m.code AS "Code", m.name AS "Name", m.icon AS "Icon", m.page_path AS "PagePath", m."order" AS "Order"
      FROM menus AS m
      WHERE m.is_active
info: Microsoft.EntityFrameworkCore.Database.Command[20101]
      Executed DbCommand (8ms) [Parameters=[], CommandType='Text', CommandTimeout='30']
      SELECT p.code
      FROM platform_modules AS p
info: Microsoft.EntityFrameworkCore.Database.Command[20101]
      Executed DbCommand (7ms) [Parameters=[@__organizationId_0='?' (DbType = Guid)], CommandType='Text', CommandTimeout='30']
      SELECT p.code
      FROM organization_module_visibilities AS o
      INNER JOIN platform_modules AS p ON o.module_id = p.id
      WHERE o.organization_id = @__organizationId_0 AND o.is_hidden
info: Microsoft.EntityFrameworkCore.Database.Command[20101]
      Executed DbCommand (7ms) [Parameters=[@__userId_0='?' (DbType = Guid)], CommandType='Text', CommandTimeout='30']
      SELECT u.menu_id
      FROM user_home_shortcuts AS u
      WHERE u.user_id = @__userId_0
      ORDER BY u."order", u.id
info: Microsoft.EntityFrameworkCore.Database.Command[20101]
      Executed DbCommand (6ms) [Parameters=[], CommandType='Text', CommandTimeout='30']
      SELECT m.id AS "Id", m.parent_menu_id AS "ParentMenuId", m.origin_module AS "OriginModule", m.code AS "Code", m.name AS "Name", m.icon AS "Icon", m.page_path AS "PagePath", m."order" AS "Order"
      FROM menus AS m
      WHERE m.is_active
info: Microsoft.EntityFrameworkCore.Database.Command[20101]
      Executed DbCommand (4ms) [Parameters=[], CommandType='Text', CommandTimeout='30']
      SELECT p.code
      FROM platform_modules AS p
info: Microsoft.EntityFrameworkCore.Database.Command[20101]
      Executed DbCommand (8ms) [Parameters=[@__organizationId_0='?' (DbType = Guid)], CommandType='Text', CommandTimeout='30']
      SELECT p.code
      FROM organization_module_visibilities AS o
      INNER JOIN platform_modules AS p ON o.module_id = p.id
      WHERE o.organization_id = @__organizationId_0 AND o.is_hidden
info: Microsoft.EntityFrameworkCore.Database.Command[20101]
      Executed DbCommand (8ms) [Parameters=[@__tokenHash_0='?'], CommandType='Text', CommandTimeout='30']
      SELECT u.id, u.company_id, u.created_at, u.ip_address, u.is_revoked, u.organization_id, u.revoked_at, u.token_hash, u.user_agent, u.user_id
      FROM user_sessions AS u
      WHERE u.token_hash = @__tokenHash_0
      LIMIT 1
info: Microsoft.EntityFrameworkCore.Database.Command[20101]
      Executed DbCommand (4ms) [Parameters=[@___currentUser_OrganizationId_0='?' (DbType = Guid)], CommandType='Text', CommandTimeout='30']
      SELECT u.id AS "Id", u.username AS "Username", u.email AS "Email", u.is_admin AS "IsAdmin", u.is_active AS "IsActive", u.is_locked AS "IsLocked", u.last_login_at AS "LastLoginAt"
      FROM users AS u
      WHERE u.organization_id = @___currentUser_OrganizationId_0
      ORDER BY u.username
info: Microsoft.EntityFrameworkCore.Database.Command[20101]
      Executed DbCommand (5ms) [Parameters=[], CommandType='Text', CommandTimeout='30']
      SELECT m.id AS "Id", m.parent_menu_id AS "ParentMenuId", m.origin_module AS "OriginModule", m.code AS "Code", m.name AS "Name", m.icon AS "Icon", m.page_path AS "PagePath", m."order" AS "Order"
      FROM menus AS m
      WHERE m.is_active
info: Microsoft.EntityFrameworkCore.Database.Command[20101]
      Executed DbCommand (5ms) [Parameters=[], CommandType='Text', CommandTimeout='30']
      SELECT p.code
      FROM platform_modules AS p
info: Microsoft.EntityFrameworkCore.Database.Command[20101]
      Executed DbCommand (5ms) [Parameters=[@__organizationId_0='?' (DbType = Guid)], CommandType='Text', CommandTimeout='30']
      SELECT p.code
      FROM organization_module_visibilities AS o
      INNER JOIN platform_modules AS p ON o.module_id = p.id
      WHERE o.organization_id = @__organizationId_0 AND o.is_hidden
info: Microsoft.EntityFrameworkCore.Database.Command[20101]
      Executed DbCommand (3ms) [Parameters=[@__tokenHash_0='?'], CommandType='Text', CommandTimeout='30']
      SELECT u.id, u.company_id, u.created_at, u.ip_address, u.is_revoked, u.organization_id, u.revoked_at, u.token_hash, u.user_agent, u.user_id
      FROM user_sessions AS u
      WHERE u.token_hash = @__tokenHash_0
      LIMIT 1
info: Microsoft.EntityFrameworkCore.Database.Command[20101]
      Executed DbCommand (5ms) [Parameters=[], CommandType='Text', CommandTimeout='30']
      SELECT p.code
      FROM platform_modules AS p
      WHERE p.is_core
info: Microsoft.EntityFrameworkCore.Database.Command[20101]
      Executed DbCommand (11ms) [Parameters=[@__get_Item_0='?' (DbType = Guid)], CommandType='Text', CommandTimeout='30']
      SELECT o.id, o.country, o.created_at, o.legal_name, o.mode, o.slug, o.status, o.tax_id
      FROM organizations AS o
      WHERE o.id = @__get_Item_0
      LIMIT 1
info: Microsoft.EntityFrameworkCore.Database.Command[20101]
      Executed DbCommand (5ms) [Parameters=[@__8__locals1_organizationId_0='?' (DbType = Guid), @__now_1='?' (DbType = DateTime)], CommandType='Text', CommandTimeout='30']
      SELECT o.id, o.activation_key, o.expires_at, o.installation_fingerprint, o.issued_at, o.organization_id, o.plan_id, o.status
      FROM on_premise_licenses AS o
      WHERE o.organization_id = @__8__locals1_organizationId_0 AND o.status = 'active' AND o.expires_at > @__now_1
      ORDER BY o.expires_at DESC
      LIMIT 1
info: Microsoft.EntityFrameworkCore.Database.Command[20101]
      Executed DbCommand (9ms) [Parameters=[@__planId_0='?' (DbType = Int64)], CommandType='Text', CommandTimeout='30']
      SELECT p0.code
      FROM plan_modules AS p
      INNER JOIN platform_modules AS p0 ON p.module_id = p0.id
      WHERE p.plan_id = @__planId_0
info: Microsoft.EntityFrameworkCore.Database.Command[20101]
      Executed DbCommand (13ms) [Parameters=[@__organizationId_0='?' (DbType = Guid)], CommandType='Text', CommandTimeout='30']
      SELECT p.code
      FROM organization_modules AS o
      INNER JOIN platform_modules AS p ON o.module_id = p.id
      WHERE o.organization_id = @__organizationId_0
info: Microsoft.EntityFrameworkCore.Database.Command[20101]
      Executed DbCommand (7ms) [Parameters=[@__organizationId_0='?' (DbType = Guid)], CommandType='Text', CommandTimeout='30']
      SELECT p.code
      FROM platform_modules AS p
      WHERE p.exclusive_organization_id IS NOT NULL AND p.exclusive_organization_id <> @__organizationId_0
info: Microsoft.EntityFrameworkCore.Database.Command[20101]
      Executed DbCommand (8ms) [Parameters=[], CommandType='Text', CommandTimeout='30']
      SELECT m.id AS "Id", m.parent_menu_id AS "ParentMenuId", m.origin_module AS "OriginModule", m.code AS "Code", m.name AS "Name", m.icon AS "Icon", m.page_path AS "PagePath", m."order" AS "Order"
      FROM menus AS m
      WHERE m.is_active
info: Microsoft.EntityFrameworkCore.Database.Command[20101]
      Executed DbCommand (2ms) [Parameters=[], CommandType='Text', CommandTimeout='30']
      SELECT p.code
      FROM platform_modules AS p
info: Microsoft.EntityFrameworkCore.Database.Command[20101]
      Executed DbCommand (2ms) [Parameters=[@__organizationId_0='?' (DbType = Guid)], CommandType='Text', CommandTimeout='30']
      SELECT p.code
      FROM organization_module_visibilities AS o
      INNER JOIN platform_modules AS p ON o.module_id = p.id
      WHERE o.organization_id = @__organizationId_0 AND o.is_hidden
info: Microsoft.EntityFrameworkCore.Database.Command[20101]
      Executed DbCommand (36ms) [Parameters=[@__tokenHash_0='?'], CommandType='Text', CommandTimeout='30']
      SELECT u.id, u.company_id, u.created_at, u.ip_address, u.is_revoked, u.organization_id, u.revoked_at, u.token_hash, u.user_agent, u.user_id
      FROM user_sessions AS u
      WHERE u.token_hash = @__tokenHash_0
      LIMIT 1
info: Microsoft.EntityFrameworkCore.Database.Command[20101]
      Executed DbCommand (18ms) [Parameters=[@__organizationId_0='?' (DbType = Guid)], CommandType='Text', CommandTimeout='30']
      SELECT m.id, m.company_id, m.description, m.is_active, m.name, m.organization_id, m0.menu_group_id, m0.menu_id
      FROM menu_groups AS m
      LEFT JOIN menu_group_items AS m0 ON m.id = m0.menu_group_id
      WHERE m.organization_id IS NULL OR m.organization_id = @__organizationId_0
      ORDER BY m.name, m.id, m0.menu_group_id
info: Microsoft.EntityFrameworkCore.Database.Command[20101]
      Executed DbCommand (2ms) [Parameters=[@___currentUser_OrganizationId_0='?' (DbType = Guid)], CommandType='Text', CommandTimeout='30']
      SELECT c.id AS "Id", c.code AS "Code", c.name AS "Name"
      FROM companies AS c
      WHERE c.organization_id = @___currentUser_OrganizationId_0
      ORDER BY c.code
info: Microsoft.EntityFrameworkCore.Database.Command[20101]
      Executed DbCommand (4ms) [Parameters=[], CommandType='Text', CommandTimeout='30']
      SELECT m.id AS "Id", m.origin_module AS "OriginModule", m.code AS "Code", m.name AS "Name"
      FROM menus AS m
      WHERE m.page_path IS NOT NULL
      ORDER BY m.origin_module, m."order"
info: Microsoft.EntityFrameworkCore.Database.Command[20101]
      Executed DbCommand (2ms) [Parameters=[], CommandType='Text', CommandTimeout='30']
      SELECT m.id AS "Id", m.parent_menu_id AS "ParentMenuId", m.origin_module AS "OriginModule", m.code AS "Code", m.name AS "Name", m.icon AS "Icon", m.page_path AS "PagePath", m."order" AS "Order"
      FROM menus AS m
      WHERE m.is_active
info: Microsoft.EntityFrameworkCore.Database.Command[20101]
      Executed DbCommand (1ms) [Parameters=[], CommandType='Text', CommandTimeout='30']
      SELECT p.code
      FROM platform_modules AS p
info: Microsoft.EntityFrameworkCore.Database.Command[20101]
      Executed DbCommand (1ms) [Parameters=[@__organizationId_0='?' (DbType = Guid)], CommandType='Text', CommandTimeout='30']
      SELECT p.code
      FROM organization_module_visibilities AS o
      INNER JOIN platform_modules AS p ON o.module_id = p.id
      WHERE o.organization_id = @__organizationId_0 AND o.is_hidden
info: Microsoft.EntityFrameworkCore.Database.Command[20101]
      Executed DbCommand (7ms) [Parameters=[@__tokenHash_0='?'], CommandType='Text', CommandTimeout='30']
      SELECT u.id, u.company_id, u.created_at, u.ip_address, u.is_revoked, u.organization_id, u.revoked_at, u.token_hash, u.user_agent, u.user_id
      FROM user_sessions AS u
      WHERE u.token_hash = @__tokenHash_0
      LIMIT 1
info: Microsoft.EntityFrameworkCore.Database.Command[20101]
      Executed DbCommand (6ms) [Parameters=[@__organizationId_0='?' (DbType = Guid)], CommandType='Text', CommandTimeout='30']
      SELECT m.id, m.company_id, m.description, m.is_active, m.name, m.organization_id, m0.menu_group_id, m0.menu_id
      FROM menu_groups AS m
      LEFT JOIN menu_group_items AS m0 ON m.id = m0.menu_group_id
      WHERE m.organization_id IS NULL OR m.organization_id = @__organizationId_0
      ORDER BY m.name, m.id, m0.menu_group_id
info: Microsoft.EntityFrameworkCore.Database.Command[20101]
      Executed DbCommand (5ms) [Parameters=[@___currentUser_OrganizationId_0='?' (DbType = Guid)], CommandType='Text', CommandTimeout='30']
      SELECT c.id AS "Id", c.code AS "Code", c.name AS "Name"
      FROM companies AS c
      WHERE c.organization_id = @___currentUser_OrganizationId_0
      ORDER BY c.code
info: Microsoft.EntityFrameworkCore.Database.Command[20101]
      Executed DbCommand (3ms) [Parameters=[], CommandType='Text', CommandTimeout='30']
      SELECT m.id AS "Id", m.origin_module AS "OriginModule", m.code AS "Code", m.name AS "Name"
      FROM menus AS m
      WHERE m.page_path IS NOT NULL
      ORDER BY m.origin_module, m."order"
info: Microsoft.EntityFrameworkCore.Database.Command[20101]
      Executed DbCommand (7ms) [Parameters=[], CommandType='Text', CommandTimeout='30']
      SELECT m.id AS "Id", m.parent_menu_id AS "ParentMenuId", m.origin_module AS "OriginModule", m.code AS "Code", m.name AS "Name", m.icon AS "Icon", m.page_path AS "PagePath", m."order" AS "Order"
      FROM menus AS m
      WHERE m.is_active
info: Microsoft.EntityFrameworkCore.Database.Command[20101]
      Executed DbCommand (7ms) [Parameters=[], CommandType='Text', CommandTimeout='30']
      SELECT p.code
      FROM platform_modules AS p
info: Microsoft.EntityFrameworkCore.Database.Command[20101]
      Executed DbCommand (3ms) [Parameters=[@__organizationId_0='?' (DbType = Guid)], CommandType='Text', CommandTimeout='30']
      SELECT p.code
      FROM organization_module_visibilities AS o
      INNER JOIN platform_modules AS p ON o.module_id = p.id
      WHERE o.organization_id = @__organizationId_0 AND o.is_hidden
info: Microsoft.EntityFrameworkCore.Database.Command[20101]
      Executed DbCommand (19ms) [Parameters=[@__tokenHash_0='?'], CommandType='Text', CommandTimeout='30']
      SELECT u.id, u.company_id, u.created_at, u.ip_address, u.is_revoked, u.organization_id, u.revoked_at, u.token_hash, u.user_agent, u.user_id
      FROM user_sessions AS u
      WHERE u.token_hash = @__tokenHash_0
      LIMIT 1
info: Microsoft.EntityFrameworkCore.Database.Command[20101]
      Executed DbCommand (19ms) [Parameters=[@__organizationId_0='?' (DbType = Guid)], CommandType='Text', CommandTimeout='30']
      SELECT p.id, p.description, p.name, p.organization_id, p0.profile_id, p0.action_id
      FROM profiles AS p
      LEFT JOIN profile_actions AS p0 ON p.id = p0.profile_id
      WHERE p.organization_id IS NULL OR p.organization_id = @__organizationId_0
      ORDER BY p.name, p.id, p0.profile_id
info: Microsoft.EntityFrameworkCore.Database.Command[20101]
      Executed DbCommand (11ms) [Parameters=[], CommandType='Text', CommandTimeout='30']
      SELECT a.id, a.code, a.name
      FROM actions AS a
      ORDER BY a.id
info: Microsoft.EntityFrameworkCore.Database.Command[20101]
      Executed DbCommand (3ms) [Parameters=[], CommandType='Text', CommandTimeout='30']
      SELECT m.id AS "Id", m.parent_menu_id AS "ParentMenuId", m.origin_module AS "OriginModule", m.code AS "Code", m.name AS "Name", m.icon AS "Icon", m.page_path AS "PagePath", m."order" AS "Order"
      FROM menus AS m
      WHERE m.is_active
info: Microsoft.EntityFrameworkCore.Database.Command[20101]
      Executed DbCommand (2ms) [Parameters=[], CommandType='Text', CommandTimeout='30']
      SELECT p.code
      FROM platform_modules AS p
info: Microsoft.EntityFrameworkCore.Database.Command[20101]
      Executed DbCommand (2ms) [Parameters=[@__organizationId_0='?' (DbType = Guid)], CommandType='Text', CommandTimeout='30']
      SELECT p.code
      FROM organization_module_visibilities AS o
      INNER JOIN platform_modules AS p ON o.module_id = p.id
      WHERE o.organization_id = @__organizationId_0 AND o.is_hidden
info: Microsoft.EntityFrameworkCore.Database.Command[20101]
      Executed DbCommand (3ms) [Parameters=[@__tokenHash_0='?'], CommandType='Text', CommandTimeout='30']
      SELECT u.id, u.company_id, u.created_at, u.ip_address, u.is_revoked, u.organization_id, u.revoked_at, u.token_hash, u.user_agent, u.user_id
      FROM user_sessions AS u
      WHERE u.token_hash = @__tokenHash_0
      LIMIT 1
info: Microsoft.EntityFrameworkCore.Database.Command[20101]
      Executed DbCommand (15ms) [Parameters=[@___currentUser_OrganizationId_0='?' (DbType = Guid)], CommandType='Text', CommandTimeout='30']
      SELECT u.id AS "Id", u.username AS "Username", u.email AS "Email", u.is_admin AS "IsAdmin", u.is_active AS "IsActive", u.is_locked AS "IsLocked", u.last_login_at AS "LastLoginAt"
      FROM users AS u
      WHERE u.organization_id = @___currentUser_OrganizationId_0
      ORDER BY u.username
info: Microsoft.EntityFrameworkCore.Database.Command[20101]
      Executed DbCommand (4ms) [Parameters=[], CommandType='Text', CommandTimeout='30']
      SELECT m.id AS "Id", m.parent_menu_id AS "ParentMenuId", m.origin_module AS "OriginModule", m.code AS "Code", m.name AS "Name", m.icon AS "Icon", m.page_path AS "PagePath", m."order" AS "Order"
      FROM menus AS m
      WHERE m.is_active
info: Microsoft.EntityFrameworkCore.Database.Command[20101]
      Executed DbCommand (4ms) [Parameters=[], CommandType='Text', CommandTimeout='30']
      SELECT p.code
      FROM platform_modules AS p
info: Microsoft.EntityFrameworkCore.Database.Command[20101]
      Executed DbCommand (4ms) [Parameters=[@__organizationId_0='?' (DbType = Guid)], CommandType='Text', CommandTimeout='30']
      SELECT p.code
      FROM organization_module_visibilities AS o
      INNER JOIN platform_modules AS p ON o.module_id = p.id
      WHERE o.organization_id = @__organizationId_0 AND o.is_hidden
info: Microsoft.EntityFrameworkCore.Database.Command[20101]
      Executed DbCommand (8ms) [Parameters=[@__tokenHash_0='?'], CommandType='Text', CommandTimeout='30']
      SELECT u.id, u.company_id, u.created_at, u.ip_address, u.is_revoked, u.organization_id, u.revoked_at, u.token_hash, u.user_agent, u.user_id
      FROM user_sessions AS u
      WHERE u.token_hash = @__tokenHash_0
      LIMIT 1
info: Microsoft.EntityFrameworkCore.Database.Command[20101]
      Executed DbCommand (7ms) [Parameters=[], CommandType='Text', CommandTimeout='30']
      SELECT p.code
      FROM platform_modules AS p
      WHERE p.is_core
info: Microsoft.EntityFrameworkCore.Database.Command[20101]
      Executed DbCommand (20ms) [Parameters=[@__get_Item_0='?' (DbType = Guid)], CommandType='Text', CommandTimeout='30']
      SELECT o.id, o.country, o.created_at, o.legal_name, o.mode, o.slug, o.status, o.tax_id
      FROM organizations AS o
      WHERE o.id = @__get_Item_0
      LIMIT 1
info: Microsoft.EntityFrameworkCore.Database.Command[20101]
      Executed DbCommand (7ms) [Parameters=[@__8__locals1_organizationId_0='?' (DbType = Guid), @__now_1='?' (DbType = DateTime)], CommandType='Text', CommandTimeout='30']
      SELECT o.id, o.activation_key, o.expires_at, o.installation_fingerprint, o.issued_at, o.organization_id, o.plan_id, o.status
      FROM on_premise_licenses AS o
      WHERE o.organization_id = @__8__locals1_organizationId_0 AND o.status = 'active' AND o.expires_at > @__now_1
      ORDER BY o.expires_at DESC
      LIMIT 1
info: Microsoft.EntityFrameworkCore.Database.Command[20101]
      Executed DbCommand (5ms) [Parameters=[@__planId_0='?' (DbType = Int64)], CommandType='Text', CommandTimeout='30']
      SELECT p0.code
      FROM plan_modules AS p
      INNER JOIN platform_modules AS p0 ON p.module_id = p0.id
      WHERE p.plan_id = @__planId_0
info: Microsoft.EntityFrameworkCore.Database.Command[20101]
      Executed DbCommand (6ms) [Parameters=[@__organizationId_0='?' (DbType = Guid)], CommandType='Text', CommandTimeout='30']
      SELECT p.code
      FROM organization_modules AS o
      INNER JOIN platform_modules AS p ON o.module_id = p.id
      WHERE o.organization_id = @__organizationId_0
info: Microsoft.EntityFrameworkCore.Database.Command[20101]
      Executed DbCommand (6ms) [Parameters=[@__organizationId_0='?' (DbType = Guid)], CommandType='Text', CommandTimeout='30']
      SELECT p.code
      FROM platform_modules AS p
      WHERE p.exclusive_organization_id IS NOT NULL AND p.exclusive_organization_id <> @__organizationId_0
info: Microsoft.EntityFrameworkCore.Database.Command[20101]
      Executed DbCommand (7ms) [Parameters=[], CommandType='Text', CommandTimeout='30']
      SELECT m.id AS "Id", m.parent_menu_id AS "ParentMenuId", m.origin_module AS "OriginModule", m.code AS "Code", m.name AS "Name", m.icon AS "Icon", m.page_path AS "PagePath", m."order" AS "Order"
      FROM menus AS m
      WHERE m.is_active
info: Microsoft.EntityFrameworkCore.Database.Command[20101]
      Executed DbCommand (12ms) [Parameters=[], CommandType='Text', CommandTimeout='30']
      SELECT p.code
      FROM platform_modules AS p
info: Microsoft.EntityFrameworkCore.Database.Command[20101]
      Executed DbCommand (12ms) [Parameters=[@__organizationId_0='?' (DbType = Guid)], CommandType='Text', CommandTimeout='30']
      SELECT p.code
      FROM organization_module_visibilities AS o
      INNER JOIN platform_modules AS p ON o.module_id = p.id
      WHERE o.organization_id = @__organizationId_0 AND o.is_hidden
info: Microsoft.EntityFrameworkCore.Database.Command[20101]
      Executed DbCommand (3ms) [Parameters=[@__tokenHash_0='?'], CommandType='Text', CommandTimeout='30']
      SELECT u.id, u.company_id, u.created_at, u.ip_address, u.is_revoked, u.organization_id, u.revoked_at, u.token_hash, u.user_agent, u.user_id
      FROM user_sessions AS u
      WHERE u.token_hash = @__tokenHash_0
      LIMIT 1
info: Microsoft.EntityFrameworkCore.Database.Command[20101]
      Executed DbCommand (4ms) [Parameters=[], CommandType='Text', CommandTimeout='30']
      SELECT m.id AS "Id", m.parent_menu_id AS "ParentMenuId", m.origin_module AS "OriginModule", m.code AS "Code", m.name AS "Name", m.icon AS "Icon", m.page_path AS "PagePath", m."order" AS "Order"
      FROM menus AS m
      WHERE m.is_active
info: Microsoft.EntityFrameworkCore.Database.Command[20101]
      Executed DbCommand (2ms) [Parameters=[], CommandType='Text', CommandTimeout='30']
      SELECT p.code
      FROM platform_modules AS p
info: Microsoft.EntityFrameworkCore.Database.Command[20101]
      Executed DbCommand (2ms) [Parameters=[@__organizationId_0='?' (DbType = Guid)], CommandType='Text', CommandTimeout='30']
      SELECT p.code
      FROM organization_module_visibilities AS o
      INNER JOIN platform_modules AS p ON o.module_id = p.id
      WHERE o.organization_id = @__organizationId_0 AND o.is_hidden
info: Microsoft.EntityFrameworkCore.Database.Command[20101]
      Executed DbCommand (2ms) [Parameters=[@__userId_0='?' (DbType = Guid)], CommandType='Text', CommandTimeout='30']
      SELECT u.menu_id
      FROM user_home_shortcuts AS u
      WHERE u.user_id = @__userId_0
      ORDER BY u."order", u.id
info: Microsoft.EntityFrameworkCore.Database.Command[20101]
      Executed DbCommand (2ms) [Parameters=[], CommandType='Text', CommandTimeout='30']
      SELECT m.id AS "Id", m.parent_menu_id AS "ParentMenuId", m.origin_module AS "OriginModule", m.code AS "Code", m.name AS "Name", m.icon AS "Icon", m.page_path AS "PagePath", m."order" AS "Order"
      FROM menus AS m
      WHERE m.is_active
info: Microsoft.EntityFrameworkCore.Database.Command[20101]
      Executed DbCommand (1ms) [Parameters=[], CommandType='Text', CommandTimeout='30']
      SELECT p.code
      FROM platform_modules AS p
info: Microsoft.EntityFrameworkCore.Database.Command[20101]
      Executed DbCommand (2ms) [Parameters=[@__organizationId_0='?' (DbType = Guid)], CommandType='Text', CommandTimeout='30']
      SELECT p.code
      FROM organization_module_visibilities AS o
      INNER JOIN platform_modules AS p ON o.module_id = p.id
      WHERE o.organization_id = @__organizationId_0 AND o.is_hidden
info: Microsoft.EntityFrameworkCore.Database.Command[20101]
      Executed DbCommand (4ms) [Parameters=[@__tokenHash_0='?'], CommandType='Text', CommandTimeout='30']
      SELECT u.id, u.company_id, u.created_at, u.ip_address, u.is_revoked, u.organization_id, u.revoked_at, u.token_hash, u.user_agent, u.user_id
      FROM user_sessions AS u
      WHERE u.token_hash = @__tokenHash_0
      LIMIT 1
info: Microsoft.EntityFrameworkCore.Database.Command[20101]
      Executed DbCommand (7ms) [Parameters=[], CommandType='Text', CommandTimeout='30']
      SELECT m.id AS "Id", m.parent_menu_id AS "ParentMenuId", m.origin_module AS "OriginModule", m.code AS "Code", m.name AS "Name", m.icon AS "Icon", m.page_path AS "PagePath", m."order" AS "Order"
      FROM menus AS m
      WHERE m.is_active
info: Microsoft.EntityFrameworkCore.Database.Command[20101]
      Executed DbCommand (2ms) [Parameters=[], CommandType='Text', CommandTimeout='30']
      SELECT p.code
      FROM platform_modules AS p
info: Microsoft.EntityFrameworkCore.Database.Command[20101]
      Executed DbCommand (2ms) [Parameters=[@__organizationId_0='?' (DbType = Guid)], CommandType='Text', CommandTimeout='30']
      SELECT p.code
      FROM organization_module_visibilities AS o
      INNER JOIN platform_modules AS p ON o.module_id = p.id
      WHERE o.organization_id = @__organizationId_0 AND o.is_hidden
info: Microsoft.EntityFrameworkCore.Database.Command[20101]
      Executed DbCommand (3ms) [Parameters=[@__userId_0='?' (DbType = Guid)], CommandType='Text', CommandTimeout='30']
      SELECT u.menu_id
      FROM user_home_shortcuts AS u
      WHERE u.user_id = @__userId_0
      ORDER BY u."order", u.id
info: Microsoft.EntityFrameworkCore.Database.Command[20101]
      Executed DbCommand (2ms) [Parameters=[], CommandType='Text', CommandTimeout='30']
      SELECT m.id AS "Id", m.parent_menu_id AS "ParentMenuId", m.origin_module AS "OriginModule", m.code AS "Code", m.name AS "Name", m.icon AS "Icon", m.page_path AS "PagePath", m."order" AS "Order"
      FROM menus AS m
      WHERE m.is_active
info: Microsoft.EntityFrameworkCore.Database.Command[20101]
      Executed DbCommand (2ms) [Parameters=[], CommandType='Text', CommandTimeout='30']
      SELECT p.code
      FROM platform_modules AS p
info: Microsoft.EntityFrameworkCore.Database.Command[20101]
      Executed DbCommand (3ms) [Parameters=[@__organizationId_0='?' (DbType = Guid)], CommandType='Text', CommandTimeout='30']
      SELECT p.code
      FROM organization_module_visibilities AS o
      INNER JOIN platform_modules AS p ON o.module_id = p.id
      WHERE o.organization_id = @__organizationId_0 AND o.is_hidden
info: Microsoft.EntityFrameworkCore.Database.Command[20101]
      Executed DbCommand (6ms) [Parameters=[@__tokenHash_0='?'], CommandType='Text', CommandTimeout='30']
      SELECT u.id, u.company_id, u.created_at, u.ip_address, u.is_revoked, u.organization_id, u.revoked_at, u.token_hash, u.user_agent, u.user_id
      FROM user_sessions AS u
      WHERE u.token_hash = @__tokenHash_0
      LIMIT 1
info: Microsoft.EntityFrameworkCore.Database.Command[20101]
      Executed DbCommand (3ms) [Parameters=[], CommandType='Text', CommandTimeout='30']
      SELECT m.id AS "Id", m.parent_menu_id AS "ParentMenuId", m.origin_module AS "OriginModule", m.code AS "Code", m.name AS "Name", m.icon AS "Icon", m.page_path AS "PagePath", m."order" AS "Order"
      FROM menus AS m
      WHERE m.is_active
info: Microsoft.EntityFrameworkCore.Database.Command[20101]
      Executed DbCommand (2ms) [Parameters=[], CommandType='Text', CommandTimeout='30']
      SELECT p.code
      FROM platform_modules AS p
info: Microsoft.EntityFrameworkCore.Database.Command[20101]
      Executed DbCommand (2ms) [Parameters=[@__organizationId_0='?' (DbType = Guid)], CommandType='Text', CommandTimeout='30']
      SELECT p.code
      FROM organization_module_visibilities AS o
      INNER JOIN platform_modules AS p ON o.module_id = p.id
      WHERE o.organization_id = @__organizationId_0 AND o.is_hidden
info: Microsoft.EntityFrameworkCore.Database.Command[20101]
      Executed DbCommand (3ms) [Parameters=[@__userId_0='?' (DbType = Guid)], CommandType='Text', CommandTimeout='30']
      SELECT u.menu_id
      FROM user_home_shortcuts AS u
      WHERE u.user_id = @__userId_0
      ORDER BY u."order", u.id
info: Microsoft.EntityFrameworkCore.Database.Command[20101]
      Executed DbCommand (2ms) [Parameters=[], CommandType='Text', CommandTimeout='30']
      SELECT m.id AS "Id", m.parent_menu_id AS "ParentMenuId", m.origin_module AS "OriginModule", m.code AS "Code", m.name AS "Name", m.icon AS "Icon", m.page_path AS "PagePath", m."order" AS "Order"
      FROM menus AS m
      WHERE m.is_active
info: Microsoft.EntityFrameworkCore.Database.Command[20101]
      Executed DbCommand (2ms) [Parameters=[], CommandType='Text', CommandTimeout='30']
      SELECT p.code
      FROM platform_modules AS p
info: Microsoft.EntityFrameworkCore.Database.Command[20101]
      Executed DbCommand (2ms) [Parameters=[@__organizationId_0='?' (DbType = Guid)], CommandType='Text', CommandTimeout='30']
      SELECT p.code
      FROM organization_module_visibilities AS o
      INNER JOIN platform_modules AS p ON o.module_id = p.id
      WHERE o.organization_id = @__organizationId_0 AND o.is_hidden
info: Microsoft.EntityFrameworkCore.Database.Command[20101]
      Executed DbCommand (6ms) [Parameters=[@__tokenHash_0='?'], CommandType='Text', CommandTimeout='30']
      SELECT u.id, u.company_id, u.created_at, u.ip_address, u.is_revoked, u.organization_id, u.revoked_at, u.token_hash, u.user_agent, u.user_id
      FROM user_sessions AS u
      WHERE u.token_hash = @__tokenHash_0
      LIMIT 1
info: Microsoft.EntityFrameworkCore.Database.Command[20101]
      Executed DbCommand (2ms) [Parameters=[], CommandType='Text', CommandTimeout='30']
      SELECT m.id AS "Id", m.parent_menu_id AS "ParentMenuId", m.origin_module AS "OriginModule", m.code AS "Code", m.name AS "Name", m.icon AS "Icon", m.page_path AS "PagePath", m."order" AS "Order"
      FROM menus AS m
      WHERE m.is_active
info: Microsoft.EntityFrameworkCore.Database.Command[20101]
      Executed DbCommand (3ms) [Parameters=[], CommandType='Text', CommandTimeout='30']
      SELECT p.code
      FROM platform_modules AS p
info: Microsoft.EntityFrameworkCore.Database.Command[20101]
      Executed DbCommand (15ms) [Parameters=[@__organizationId_0='?' (DbType = Guid)], CommandType='Text', CommandTimeout='30']
      SELECT p.code
      FROM organization_module_visibilities AS o
      INNER JOIN platform_modules AS p ON o.module_id = p.id
      WHERE o.organization_id = @__organizationId_0 AND o.is_hidden
info: Microsoft.EntityFrameworkCore.Database.Command[20101]
      Executed DbCommand (3ms) [Parameters=[@__userId_0='?' (DbType = Guid)], CommandType='Text', CommandTimeout='30']
      SELECT u.menu_id
      FROM user_home_shortcuts AS u
      WHERE u.user_id = @__userId_0
      ORDER BY u."order", u.id
info: Microsoft.EntityFrameworkCore.Database.Command[20101]
      Executed DbCommand (6ms) [Parameters=[], CommandType='Text', CommandTimeout='30']
      SELECT m.id AS "Id", m.parent_menu_id AS "ParentMenuId", m.origin_module AS "OriginModule", m.code AS "Code", m.name AS "Name", m.icon AS "Icon", m.page_path AS "PagePath", m."order" AS "Order"
      FROM menus AS m
      WHERE m.is_active
info: Microsoft.EntityFrameworkCore.Database.Command[20101]
      Executed DbCommand (3ms) [Parameters=[], CommandType='Text', CommandTimeout='30']
      SELECT p.code
      FROM platform_modules AS p
info: Microsoft.EntityFrameworkCore.Database.Command[20101]
      Executed DbCommand (4ms) [Parameters=[@__organizationId_0='?' (DbType = Guid)], CommandType='Text', CommandTimeout='30']
      SELECT p.code
      FROM organization_module_visibilities AS o
      INNER JOIN platform_modules AS p ON o.module_id = p.id
      WHERE o.organization_id = @__organizationId_0 AND o.is_hidden
info: Microsoft.EntityFrameworkCore.Database.Command[20101]
      Executed DbCommand (6ms) [Parameters=[@__tokenHash_0='?'], CommandType='Text', CommandTimeout='30']
      SELECT u.id, u.company_id, u.created_at, u.ip_address, u.is_revoked, u.organization_id, u.revoked_at, u.token_hash, u.user_agent, u.user_id
      FROM user_sessions AS u
      WHERE u.token_hash = @__tokenHash_0
      LIMIT 1
info: Microsoft.EntityFrameworkCore.Database.Command[20101]
      Executed DbCommand (4ms) [Parameters=[], CommandType='Text', CommandTimeout='30']
      SELECT m.id AS "Id", m.parent_menu_id AS "ParentMenuId", m.origin_module AS "OriginModule", m.code AS "Code", m.name AS "Name", m.icon AS "Icon", m.page_path AS "PagePath", m."order" AS "Order"
      FROM menus AS m
      WHERE m.is_active
info: Microsoft.EntityFrameworkCore.Database.Command[20101]
      Executed DbCommand (1ms) [Parameters=[], CommandType='Text', CommandTimeout='30']
      SELECT p.code
      FROM platform_modules AS p
info: Microsoft.EntityFrameworkCore.Database.Command[20101]
      Executed DbCommand (1ms) [Parameters=[@__organizationId_0='?' (DbType = Guid)], CommandType='Text', CommandTimeout='30']
      SELECT p.code
      FROM organization_module_visibilities AS o
      INNER JOIN platform_modules AS p ON o.module_id = p.id
      WHERE o.organization_id = @__organizationId_0 AND o.is_hidden
info: Microsoft.EntityFrameworkCore.Database.Command[20101]
      Executed DbCommand (1ms) [Parameters=[@__userId_0='?' (DbType = Guid)], CommandType='Text', CommandTimeout='30']
      SELECT u.menu_id
      FROM user_home_shortcuts AS u
      WHERE u.user_id = @__userId_0
      ORDER BY u."order", u.id
info: Microsoft.EntityFrameworkCore.Database.Command[20101]
      Executed DbCommand (2ms) [Parameters=[], CommandType='Text', CommandTimeout='30']
      SELECT m.id AS "Id", m.parent_menu_id AS "ParentMenuId", m.origin_module AS "OriginModule", m.code AS "Code", m.name AS "Name", m.icon AS "Icon", m.page_path AS "PagePath", m."order" AS "Order"
      FROM menus AS m
      WHERE m.is_active
info: Microsoft.EntityFrameworkCore.Database.Command[20101]
      Executed DbCommand (2ms) [Parameters=[], CommandType='Text', CommandTimeout='30']
      SELECT p.code
      FROM platform_modules AS p
info: Microsoft.EntityFrameworkCore.Database.Command[20101]
      Executed DbCommand (2ms) [Parameters=[@__organizationId_0='?' (DbType = Guid)], CommandType='Text', CommandTimeout='30']
      SELECT p.code
      FROM organization_module_visibilities AS o
      INNER JOIN platform_modules AS p ON o.module_id = p.id
      WHERE o.organization_id = @__organizationId_0 AND o.is_hidden
info: Microsoft.EntityFrameworkCore.Database.Command[20101]
      Executed DbCommand (3ms) [Parameters=[@__tokenHash_0='?'], CommandType='Text', CommandTimeout='30']
      SELECT u.id, u.company_id, u.created_at, u.ip_address, u.is_revoked, u.organization_id, u.revoked_at, u.token_hash, u.user_agent, u.user_id
      FROM user_sessions AS u
      WHERE u.token_hash = @__tokenHash_0
      LIMIT 1
info: Microsoft.EntityFrameworkCore.Database.Command[20101]
      Executed DbCommand (3ms) [Parameters=[], CommandType='Text', CommandTimeout='30']
      SELECT m.id AS "Id", m.parent_menu_id AS "ParentMenuId", m.origin_module AS "OriginModule", m.code AS "Code", m.name AS "Name", m.icon AS "Icon", m.page_path AS "PagePath", m."order" AS "Order"
      FROM menus AS m
      WHERE m.is_active
info: Microsoft.EntityFrameworkCore.Database.Command[20101]
      Executed DbCommand (5ms) [Parameters=[], CommandType='Text', CommandTimeout='30']
      SELECT p.code
      FROM platform_modules AS p
info: Microsoft.EntityFrameworkCore.Database.Command[20101]
      Executed DbCommand (4ms) [Parameters=[@__organizationId_0='?' (DbType = Guid)], CommandType='Text', CommandTimeout='30']
      SELECT p.code
      FROM organization_module_visibilities AS o
      INNER JOIN platform_modules AS p ON o.module_id = p.id
      WHERE o.organization_id = @__organizationId_0 AND o.is_hidden
info: Microsoft.EntityFrameworkCore.Database.Command[20101]
      Executed DbCommand (3ms) [Parameters=[@__userId_0='?' (DbType = Guid)], CommandType='Text', CommandTimeout='30']
      SELECT u.menu_id
      FROM user_home_shortcuts AS u
      WHERE u.user_id = @__userId_0
      ORDER BY u."order", u.id
info: Microsoft.EntityFrameworkCore.Database.Command[20101]
      Executed DbCommand (3ms) [Parameters=[], CommandType='Text', CommandTimeout='30']
      SELECT m.id AS "Id", m.parent_menu_id AS "ParentMenuId", m.origin_module AS "OriginModule", m.code AS "Code", m.name AS "Name", m.icon AS "Icon", m.page_path AS "PagePath", m."order" AS "Order"
      FROM menus AS m
      WHERE m.is_active
info: Microsoft.EntityFrameworkCore.Database.Command[20101]
      Executed DbCommand (3ms) [Parameters=[], CommandType='Text', CommandTimeout='30']
      SELECT p.code
      FROM platform_modules AS p
info: Microsoft.EntityFrameworkCore.Database.Command[20101]
      Executed DbCommand (3ms) [Parameters=[@__organizationId_0='?' (DbType = Guid)], CommandType='Text', CommandTimeout='30']
      SELECT p.code
      FROM organization_module_visibilities AS o
      INNER JOIN platform_modules AS p ON o.module_id = p.id
      WHERE o.organization_id = @__organizationId_0 AND o.is_hidden
info: Microsoft.EntityFrameworkCore.Database.Command[20101]
      Executed DbCommand (3ms) [Parameters=[@__tokenHash_0='?'], CommandType='Text', CommandTimeout='30']
      SELECT u.id, u.company_id, u.created_at, u.ip_address, u.is_revoked, u.organization_id, u.revoked_at, u.token_hash, u.user_agent, u.user_id
      FROM user_sessions AS u
      WHERE u.token_hash = @__tokenHash_0
      LIMIT 1
info: Microsoft.EntityFrameworkCore.Database.Command[20101]
      Executed DbCommand (36ms) [Parameters=[@__userId_0='?' (DbType = Guid)], CommandType='Text', CommandTimeout='30']
      SELECT u.user_id, u.email_notifications_enabled, u.locale, u.theme, u.timezone
      FROM user_preferences AS u
      WHERE u.user_id = @__userId_0
      LIMIT 1
info: Microsoft.EntityFrameworkCore.Database.Command[20101]
      Executed DbCommand (1ms) [Parameters=[], CommandType='Text', CommandTimeout='30']
      SELECT m.id AS "Id", m.parent_menu_id AS "ParentMenuId", m.origin_module AS "OriginModule", m.code AS "Code", m.name AS "Name", m.icon AS "Icon", m.page_path AS "PagePath", m."order" AS "Order"
      FROM menus AS m
      WHERE m.is_active
info: Microsoft.EntityFrameworkCore.Database.Command[20101]
      Executed DbCommand (3ms) [Parameters=[], CommandType='Text', CommandTimeout='30']
      SELECT p.code
      FROM platform_modules AS p
info: Microsoft.EntityFrameworkCore.Database.Command[20101]
      Executed DbCommand (2ms) [Parameters=[@__organizationId_0='?' (DbType = Guid)], CommandType='Text', CommandTimeout='30']
      SELECT p.code
      FROM organization_module_visibilities AS o
      INNER JOIN platform_modules AS p ON o.module_id = p.id
      WHERE o.organization_id = @__organizationId_0 AND o.is_hidden
info: Microsoft.EntityFrameworkCore.Database.Command[20101]
      Executed DbCommand (3ms) [Parameters=[@__tokenHash_0='?'], CommandType='Text', CommandTimeout='30']
      SELECT u.id, u.company_id, u.created_at, u.ip_address, u.is_revoked, u.organization_id, u.revoked_at, u.token_hash, u.user_agent, u.user_id
      FROM user_sessions AS u
      WHERE u.token_hash = @__tokenHash_0
      LIMIT 1
info: Microsoft.EntityFrameworkCore.Database.Command[20101]
      Executed DbCommand (2ms) [Parameters=[@___currentUser_OrganizationId_0='?' (DbType = Guid)], CommandType='Text', CommandTimeout='30']
      SELECT u.id AS "Id", u.username AS "Username", u.email AS "Email", u.is_admin AS "IsAdmin", u.is_active AS "IsActive", u.is_locked AS "IsLocked", u.last_login_at AS "LastLoginAt"
      FROM users AS u
      WHERE u.organization_id = @___currentUser_OrganizationId_0
      ORDER BY u.username
info: Microsoft.EntityFrameworkCore.Database.Command[20101]
      Executed DbCommand (3ms) [Parameters=[], CommandType='Text', CommandTimeout='30']
      SELECT m.id AS "Id", m.parent_menu_id AS "ParentMenuId", m.origin_module AS "OriginModule", m.code AS "Code", m.name AS "Name", m.icon AS "Icon", m.page_path AS "PagePath", m."order" AS "Order"
      FROM menus AS m
      WHERE m.is_active
info: Microsoft.EntityFrameworkCore.Database.Command[20101]
      Executed DbCommand (2ms) [Parameters=[], CommandType='Text', CommandTimeout='30']
      SELECT p.code
      FROM platform_modules AS p
info: Microsoft.EntityFrameworkCore.Database.Command[20101]
      Executed DbCommand (2ms) [Parameters=[@__organizationId_0='?' (DbType = Guid)], CommandType='Text', CommandTimeout='30']
      SELECT p.code
      FROM organization_module_visibilities AS o
      INNER JOIN platform_modules AS p ON o.module_id = p.id
      WHERE o.organization_id = @__organizationId_0 AND o.is_hidden
info: Microsoft.EntityFrameworkCore.Database.Command[20101]
      Executed DbCommand (3ms) [Parameters=[@__tokenHash_0='?'], CommandType='Text', CommandTimeout='30']
      SELECT u.id, u.company_id, u.created_at, u.ip_address, u.is_revoked, u.organization_id, u.revoked_at, u.token_hash, u.user_agent, u.user_id
      FROM user_sessions AS u
      WHERE u.token_hash = @__tokenHash_0
      LIMIT 1
info: Microsoft.EntityFrameworkCore.Database.Command[20101]
      Executed DbCommand (3ms) [Parameters=[@__userId_0='?' (DbType = Guid), @___currentUser_OrganizationId_1='?' (DbType = Guid)], CommandType='Text', CommandTimeout='30']
      SELECT u.id, u.created_at, u.email, u.failed_login_attempts, u.has_two_factor_enabled, u.is_active, u.is_admin, u.is_email_confirmed, u.is_locked, u.last_login_at, u.organization_id, u.password_hash, u.password_salt, u.two_factor_method, u.two_factor_secret, u.username
      FROM users AS u
      WHERE u.id = @__userId_0 AND u.organization_id = @___currentUser_OrganizationId_1
      LIMIT 1
info: Microsoft.EntityFrameworkCore.Database.Command[20101]
      Executed DbCommand (2ms) [Parameters=[@___currentUser_OrganizationId_0='?' (DbType = Guid)], CommandType='Text', CommandTimeout='30']
      SELECT c.id AS "Id", c.code AS "Code", c.name AS "Name"
      FROM companies AS c
      WHERE c.organization_id = @___currentUser_OrganizationId_0
      ORDER BY c.code
info: Microsoft.EntityFrameworkCore.Database.Command[20101]
      Executed DbCommand (2ms) [Parameters=[@__organizationId_0='?' (DbType = Guid)], CommandType='Text', CommandTimeout='30']
      SELECT m.id AS "Id", m.name AS "Name"
      FROM menu_groups AS m
      WHERE m.is_active AND (m.organization_id IS NULL OR m.organization_id = @__organizationId_0)
      ORDER BY m.name
info: Microsoft.EntityFrameworkCore.Database.Command[20101]
      Executed DbCommand (2ms) [Parameters=[], CommandType='Text', CommandTimeout='30']
      SELECT m.id AS "Id", m.origin_module AS "OriginModule", m.code AS "Code", m.name AS "Name"
      FROM menus AS m
      WHERE m.page_path IS NOT NULL
      ORDER BY m.origin_module, m."order"
info: Microsoft.EntityFrameworkCore.Database.Command[20101]
      Executed DbCommand (2ms) [Parameters=[@__organizationId_0='?' (DbType = Guid)], CommandType='Text', CommandTimeout='30']
      SELECT p.id AS "Id", p.name AS "Name"
      FROM profiles AS p
      WHERE p.organization_id IS NULL OR p.organization_id = @__organizationId_0
      ORDER BY p.name
info: Microsoft.EntityFrameworkCore.Database.Command[20101]
      Executed DbCommand (1ms) [Parameters=[@__userId_0='?' (DbType = Guid), @___currentUser_OrganizationId_1='?' (DbType = Guid)], CommandType='Text', CommandTimeout='30']
      SELECT EXISTS (
          SELECT 1
          FROM users AS u
          WHERE u.id = @__userId_0 AND u.organization_id = @___currentUser_OrganizationId_1)
info: Microsoft.EntityFrameworkCore.Database.Command[20101]
      Executed DbCommand (2ms) [Parameters=[@__companyId_0='?' (DbType = Guid), @___currentUser_OrganizationId_1='?' (DbType = Guid)], CommandType='Text', CommandTimeout='30']
      SELECT EXISTS (
          SELECT 1
          FROM companies AS c
          WHERE c.id = @__companyId_0 AND c.organization_id = @___currentUser_OrganizationId_1)
info: Microsoft.EntityFrameworkCore.Database.Command[20101]
      Executed DbCommand (9ms) [Parameters=[@__userId_0='?' (DbType = Guid), @__companyId_1='?' (DbType = Guid)], CommandType='Text', CommandTimeout='30']
      SELECT u.menu_group_id
      FROM user_menu_groups AS u
      WHERE u.user_id = @__userId_0 AND u.company_id = @__companyId_1
info: Microsoft.EntityFrameworkCore.Database.Command[20101]
      Executed DbCommand (10ms) [Parameters=[@__userId_0='?' (DbType = Guid), @__companyId_1='?' (DbType = Guid)], CommandType='Text', CommandTimeout='30']
      SELECT u.user_id, u.menu_id, u.company_id, u.profile_id
      FROM user_menu_profiles AS u
      WHERE u.user_id = @__userId_0 AND u.company_id = @__companyId_1
info: Microsoft.EntityFrameworkCore.Database.Command[20101]
      Executed DbCommand (2ms) [Parameters=[], CommandType='Text', CommandTimeout='30']
      SELECT m.id AS "Id", m.parent_menu_id AS "ParentMenuId", m.origin_module AS "OriginModule", m.code AS "Code", m.name AS "Name", m.icon AS "Icon", m.page_path AS "PagePath", m."order" AS "Order"
      FROM menus AS m
      WHERE m.is_active
info: Microsoft.EntityFrameworkCore.Database.Command[20101]
      Executed DbCommand (1ms) [Parameters=[], CommandType='Text', CommandTimeout='30']
      SELECT p.code
      FROM platform_modules AS p
info: Microsoft.EntityFrameworkCore.Database.Command[20101]
      Executed DbCommand (1ms) [Parameters=[@__organizationId_0='?' (DbType = Guid)], CommandType='Text', CommandTimeout='30']
      SELECT p.code
      FROM organization_module_visibilities AS o
      INNER JOIN platform_modules AS p ON o.module_id = p.id
      WHERE o.organization_id = @__organizationId_0 AND o.is_hidden
info: Microsoft.EntityFrameworkCore.Database.Command[20101]
      Executed DbCommand (3ms) [Parameters=[@__tokenHash_0='?'], CommandType='Text', CommandTimeout='30']
      SELECT u.id, u.company_id, u.created_at, u.ip_address, u.is_revoked, u.organization_id, u.revoked_at, u.token_hash, u.user_agent, u.user_id
      FROM user_sessions AS u
      WHERE u.token_hash = @__tokenHash_0
      LIMIT 1
info: Microsoft.EntityFrameworkCore.Database.Command[20101]
      Executed DbCommand (8ms) [Parameters=[@__organizationId_0='?' (DbType = Guid)], CommandType='Text', CommandTimeout='30']
      SELECT p.id, p.description, p.name, p.organization_id, p0.profile_id, p0.action_id
      FROM profiles AS p
      LEFT JOIN profile_actions AS p0 ON p.id = p0.profile_id
      WHERE p.organization_id IS NULL OR p.organization_id = @__organizationId_0
      ORDER BY p.name, p.id, p0.profile_id
info: Microsoft.EntityFrameworkCore.Database.Command[20101]
      Executed DbCommand (3ms) [Parameters=[], CommandType='Text', CommandTimeout='30']
      SELECT a.id, a.code, a.name
      FROM actions AS a
      ORDER BY a.id
info: Microsoft.EntityFrameworkCore.Database.Command[20101]
      Executed DbCommand (2ms) [Parameters=[], CommandType='Text', CommandTimeout='30']
      SELECT m.id AS "Id", m.parent_menu_id AS "ParentMenuId", m.origin_module AS "OriginModule", m.code AS "Code", m.name AS "Name", m.icon AS "Icon", m.page_path AS "PagePath", m."order" AS "Order"
      FROM menus AS m
      WHERE m.is_active
info: Microsoft.EntityFrameworkCore.Database.Command[20101]
      Executed DbCommand (5ms) [Parameters=[], CommandType='Text', CommandTimeout='30']
      SELECT p.code
      FROM platform_modules AS p
info: Microsoft.EntityFrameworkCore.Database.Command[20101]
      Executed DbCommand (4ms) [Parameters=[@__organizationId_0='?' (DbType = Guid)], CommandType='Text', CommandTimeout='30']
      SELECT p.code
      FROM organization_module_visibilities AS o
      INNER JOIN platform_modules AS p ON o.module_id = p.id
      WHERE o.organization_id = @__organizationId_0 AND o.is_hidden
info: Microsoft.EntityFrameworkCore.Database.Command[20101]
      Executed DbCommand (2ms) [Parameters=[@__tokenHash_0='?'], CommandType='Text', CommandTimeout='30']
      SELECT u.id, u.company_id, u.created_at, u.ip_address, u.is_revoked, u.organization_id, u.revoked_at, u.token_hash, u.user_agent, u.user_id
      FROM user_sessions AS u
      WHERE u.token_hash = @__tokenHash_0
      LIMIT 1
info: Microsoft.EntityFrameworkCore.Database.Command[20101]
      Executed DbCommand (5ms) [Parameters=[@__organizationId_0='?' (DbType = Guid)], CommandType='Text', CommandTimeout='30']
      SELECT m.id, m.company_id, m.description, m.is_active, m.name, m.organization_id, m0.menu_group_id, m0.menu_id
      FROM menu_groups AS m
      LEFT JOIN menu_group_items AS m0 ON m.id = m0.menu_group_id
      WHERE m.organization_id IS NULL OR m.organization_id = @__organizationId_0
      ORDER BY m.name, m.id, m0.menu_group_id
info: Microsoft.EntityFrameworkCore.Database.Command[20101]
      Executed DbCommand (4ms) [Parameters=[@___currentUser_OrganizationId_0='?' (DbType = Guid)], CommandType='Text', CommandTimeout='30']
      SELECT c.id AS "Id", c.code AS "Code", c.name AS "Name"
      FROM companies AS c
      WHERE c.organization_id = @___currentUser_OrganizationId_0
      ORDER BY c.code
info: Microsoft.EntityFrameworkCore.Database.Command[20101]
      Executed DbCommand (3ms) [Parameters=[], CommandType='Text', CommandTimeout='30']
      SELECT m.id AS "Id", m.origin_module AS "OriginModule", m.code AS "Code", m.name AS "Name"
      FROM menus AS m
      WHERE m.page_path IS NOT NULL
      ORDER BY m.origin_module, m."order"
info: Microsoft.EntityFrameworkCore.Database.Command[20101]
      Executed DbCommand (3ms) [Parameters=[], CommandType='Text', CommandTimeout='30']
      SELECT m.id AS "Id", m.parent_menu_id AS "ParentMenuId", m.origin_module AS "OriginModule", m.code AS "Code", m.name AS "Name", m.icon AS "Icon", m.page_path AS "PagePath", m."order" AS "Order"
      FROM menus AS m
      WHERE m.is_active
info: Microsoft.EntityFrameworkCore.Database.Command[20101]
      Executed DbCommand (5ms) [Parameters=[], CommandType='Text', CommandTimeout='30']
      SELECT p.code
      FROM platform_modules AS p
info: Microsoft.EntityFrameworkCore.Database.Command[20101]
      Executed DbCommand (3ms) [Parameters=[@__organizationId_0='?' (DbType = Guid)], CommandType='Text', CommandTimeout='30']
      SELECT p.code
      FROM organization_module_visibilities AS o
      INNER JOIN platform_modules AS p ON o.module_id = p.id
      WHERE o.organization_id = @__organizationId_0 AND o.is_hidden
info: Microsoft.EntityFrameworkCore.Database.Command[20101]
      Executed DbCommand (7ms) [Parameters=[@__tokenHash_0='?'], CommandType='Text', CommandTimeout='30']
      SELECT u.id, u.company_id, u.created_at, u.ip_address, u.is_revoked, u.organization_id, u.revoked_at, u.token_hash, u.user_agent, u.user_id
      FROM user_sessions AS u
      WHERE u.token_hash = @__tokenHash_0
      LIMIT 1
info: Microsoft.EntityFrameworkCore.Database.Command[20101]
      Executed DbCommand (5ms) [Parameters=[@___currentUser_OrganizationId_0='?' (DbType = Guid)], CommandType='Text', CommandTimeout='30']
      SELECT c.id AS "Id", c.code AS "Code", c.name AS "Name"
      FROM companies AS c
      WHERE c.organization_id = @___currentUser_OrganizationId_0
      ORDER BY c.code
info: Microsoft.EntityFrameworkCore.Database.Command[20101]
      Executed DbCommand (3ms) [Parameters=[], CommandType='Text', CommandTimeout='30']
      SELECT m.id AS "Id", m.origin_module AS "OriginModule", m.code AS "Code", m.name AS "Name"
      FROM menus AS m
      WHERE m.page_path IS NOT NULL
      ORDER BY m.origin_module, m."order"
info: Microsoft.EntityFrameworkCore.Database.Command[20101]
      Executed DbCommand (15ms) [Parameters=[@p0='?' (DbType = Guid), @p1='?', @p2='?' (DbType = Boolean), @p3='?', @p4='?' (DbType = Guid)], CommandType='Text', CommandTimeout='30']
      INSERT INTO menu_groups (company_id, description, is_active, name, organization_id)
      VALUES (@p0, @p1, @p2, @p3, @p4)
      RETURNING id;
info: Microsoft.EntityFrameworkCore.Database.Command[20101]
      Executed DbCommand (7ms) [Parameters=[@p5='?' (DbType = Int64), @p6='?' (DbType = Int64), @p7='?' (DbType = Int64), @p8='?' (DbType = Int64), @p9='?' (DbType = Int64), @p10='?' (DbType = Int64), @p11='?' (DbType = Int64), @p12='?' (DbType = Int64), @p13='?' (DbType = Int64), @p14='?' (DbType = Int64), @p15='?' (DbType = Int64), @p16='?' (DbType = Int64), @p17='?' (DbType = Int64), @p18='?' (DbType = Int64)], CommandType='Text', CommandTimeout='30']
      INSERT INTO menu_group_items (menu_group_id, menu_id)
      VALUES (@p5, @p6);
      INSERT INTO menu_group_items (menu_group_id, menu_id)
      VALUES (@p7, @p8);
      INSERT INTO menu_group_items (menu_group_id, menu_id)
      VALUES (@p9, @p10);
      INSERT INTO menu_group_items (menu_group_id, menu_id)
      VALUES (@p11, @p12);
      INSERT INTO menu_group_items (menu_group_id, menu_id)
      VALUES (@p13, @p14);
      INSERT INTO menu_group_items (menu_group_id, menu_id)
      VALUES (@p15, @p16);
      INSERT INTO menu_group_items (menu_group_id, menu_id)
      VALUES (@p17, @p18);
info: Microsoft.EntityFrameworkCore.Database.Command[20101]
      Executed DbCommand (1ms) [Parameters=[@__tokenHash_0='?'], CommandType='Text', CommandTimeout='30']
      SELECT u.id, u.company_id, u.created_at, u.ip_address, u.is_revoked, u.organization_id, u.revoked_at, u.token_hash, u.user_agent, u.user_id
      FROM user_sessions AS u
      WHERE u.token_hash = @__tokenHash_0
      LIMIT 1
info: Microsoft.EntityFrameworkCore.Database.Command[20101]
      Executed DbCommand (2ms) [Parameters=[@__organizationId_0='?' (DbType = Guid)], CommandType='Text', CommandTimeout='30']
      SELECT m.id, m.company_id, m.description, m.is_active, m.name, m.organization_id, m0.menu_group_id, m0.menu_id
      FROM menu_groups AS m
      LEFT JOIN menu_group_items AS m0 ON m.id = m0.menu_group_id
      WHERE m.organization_id IS NULL OR m.organization_id = @__organizationId_0
      ORDER BY m.name, m.id, m0.menu_group_id
info: Microsoft.EntityFrameworkCore.Database.Command[20101]
      Executed DbCommand (1ms) [Parameters=[@___currentUser_OrganizationId_0='?' (DbType = Guid)], CommandType='Text', CommandTimeout='30']
      SELECT c.id AS "Id", c.code AS "Code", c.name AS "Name"
      FROM companies AS c
      WHERE c.organization_id = @___currentUser_OrganizationId_0
      ORDER BY c.code
info: Microsoft.EntityFrameworkCore.Database.Command[20101]
      Executed DbCommand (2ms) [Parameters=[], CommandType='Text', CommandTimeout='30']
      SELECT m.id AS "Id", m.origin_module AS "OriginModule", m.code AS "Code", m.name AS "Name"
      FROM menus AS m
      WHERE m.page_path IS NOT NULL
      ORDER BY m.origin_module, m."order"
info: Microsoft.EntityFrameworkCore.Database.Command[20101]
      Executed DbCommand (1ms) [Parameters=[], CommandType='Text', CommandTimeout='30']
      SELECT m.id AS "Id", m.parent_menu_id AS "ParentMenuId", m.origin_module AS "OriginModule", m.code AS "Code", m.name AS "Name", m.icon AS "Icon", m.page_path AS "PagePath", m."order" AS "Order"
      FROM menus AS m
      WHERE m.is_active
info: Microsoft.EntityFrameworkCore.Database.Command[20101]
      Executed DbCommand (1ms) [Parameters=[], CommandType='Text', CommandTimeout='30']
      SELECT p.code
      FROM platform_modules AS p
info: Microsoft.EntityFrameworkCore.Database.Command[20101]
      Executed DbCommand (1ms) [Parameters=[@__organizationId_0='?' (DbType = Guid)], CommandType='Text', CommandTimeout='30']
      SELECT p.code
      FROM organization_module_visibilities AS o
      INNER JOIN platform_modules AS p ON o.module_id = p.id
      WHERE o.organization_id = @__organizationId_0 AND o.is_hidden
info: Microsoft.EntityFrameworkCore.Database.Command[20101]
      Executed DbCommand (8ms) [Parameters=[@__tokenHash_0='?'], CommandType='Text', CommandTimeout='30']
      SELECT u.id, u.company_id, u.created_at, u.ip_address, u.is_revoked, u.organization_id, u.revoked_at, u.token_hash, u.user_agent, u.user_id
      FROM user_sessions AS u
      WHERE u.token_hash = @__tokenHash_0
      LIMIT 1
info: Microsoft.EntityFrameworkCore.Database.Command[20101]
      Executed DbCommand (2ms) [Parameters=[@__organizationId_0='?' (DbType = Guid)], CommandType='Text', CommandTimeout='30']
      SELECT m.id, m.company_id, m.description, m.is_active, m.name, m.organization_id, m0.menu_group_id, m0.menu_id
      FROM menu_groups AS m
      LEFT JOIN menu_group_items AS m0 ON m.id = m0.menu_group_id
      WHERE m.organization_id IS NULL OR m.organization_id = @__organizationId_0
      ORDER BY m.name, m.id, m0.menu_group_id
info: Microsoft.EntityFrameworkCore.Database.Command[20101]
      Executed DbCommand (38ms) [Parameters=[@___currentUser_OrganizationId_0='?' (DbType = Guid)], CommandType='Text', CommandTimeout='30']
      SELECT c.id AS "Id", c.code AS "Code", c.name AS "Name"
      FROM companies AS c
      WHERE c.organization_id = @___currentUser_OrganizationId_0
      ORDER BY c.code
info: Microsoft.EntityFrameworkCore.Database.Command[20101]
      Executed DbCommand (5ms) [Parameters=[], CommandType='Text', CommandTimeout='30']
      SELECT m.id AS "Id", m.origin_module AS "OriginModule", m.code AS "Code", m.name AS "Name"
      FROM menus AS m
      WHERE m.page_path IS NOT NULL
      ORDER BY m.origin_module, m."order"
info: Microsoft.EntityFrameworkCore.Database.Command[20101]
      Executed DbCommand (3ms) [Parameters=[@__id_0='?' (DbType = Int64), @__organizationId_1='?' (DbType = Guid)], CommandType='Text', CommandTimeout='30']
      SELECT t.id, t.company_id, t.description, t.is_active, t.name, t.organization_id, m0.menu_group_id, m0.menu_id
      FROM (
          SELECT m.id, m.company_id, m.description, m.is_active, m.name, m.organization_id
          FROM menu_groups AS m
          WHERE m.id = @__id_0 AND (m.organization_id IS NULL OR m.organization_id = @__organizationId_1)
          LIMIT 1
      ) AS t
      LEFT JOIN menu_group_items AS m0 ON t.id = m0.menu_group_id
      ORDER BY t.id, m0.menu_group_id
info: Microsoft.EntityFrameworkCore.Database.Command[20101]
      Executed DbCommand (2ms) [Parameters=[], CommandType='Text', CommandTimeout='30']
      SELECT m.id AS "Id", m.parent_menu_id AS "ParentMenuId", m.origin_module AS "OriginModule", m.code AS "Code", m.name AS "Name", m.icon AS "Icon", m.page_path AS "PagePath", m."order" AS "Order"
      FROM menus AS m
      WHERE m.is_active
info: Microsoft.EntityFrameworkCore.Database.Command[20101]
      Executed DbCommand (2ms) [Parameters=[], CommandType='Text', CommandTimeout='30']
      SELECT p.code
      FROM platform_modules AS p
info: Microsoft.EntityFrameworkCore.Database.Command[20101]
      Executed DbCommand (2ms) [Parameters=[@__organizationId_0='?' (DbType = Guid)], CommandType='Text', CommandTimeout='30']
      SELECT p.code
      FROM organization_module_visibilities AS o
      INNER JOIN platform_modules AS p ON o.module_id = p.id
      WHERE o.organization_id = @__organizationId_0 AND o.is_hidden
info: Microsoft.EntityFrameworkCore.Database.Command[20101]
      Executed DbCommand (2ms) [Parameters=[@__tokenHash_0='?'], CommandType='Text', CommandTimeout='30']
      SELECT u.id, u.company_id, u.created_at, u.ip_address, u.is_revoked, u.organization_id, u.revoked_at, u.token_hash, u.user_agent, u.user_id
      FROM user_sessions AS u
      WHERE u.token_hash = @__tokenHash_0
      LIMIT 1
info: Microsoft.EntityFrameworkCore.Database.Command[20101]
      Executed DbCommand (2ms) [Parameters=[], CommandType='Text', CommandTimeout='30']
      SELECT p.code
      FROM platform_modules AS p
      WHERE p.is_core
info: Microsoft.EntityFrameworkCore.Database.Command[20101]
      Executed DbCommand (2ms) [Parameters=[@__get_Item_0='?' (DbType = Guid)], CommandType='Text', CommandTimeout='30']
      SELECT o.id, o.country, o.created_at, o.legal_name, o.mode, o.slug, o.status, o.tax_id
      FROM organizations AS o
      WHERE o.id = @__get_Item_0
      LIMIT 1
info: Microsoft.EntityFrameworkCore.Database.Command[20101]
      Executed DbCommand (2ms) [Parameters=[@__8__locals1_organizationId_0='?' (DbType = Guid), @__now_1='?' (DbType = DateTime)], CommandType='Text', CommandTimeout='30']
      SELECT o.id, o.activation_key, o.expires_at, o.installation_fingerprint, o.issued_at, o.organization_id, o.plan_id, o.status
      FROM on_premise_licenses AS o
      WHERE o.organization_id = @__8__locals1_organizationId_0 AND o.status = 'active' AND o.expires_at > @__now_1
      ORDER BY o.expires_at DESC
      LIMIT 1
info: Microsoft.EntityFrameworkCore.Database.Command[20101]
      Executed DbCommand (4ms) [Parameters=[@__planId_0='?' (DbType = Int64)], CommandType='Text', CommandTimeout='30']
      SELECT p0.code
      FROM plan_modules AS p
      INNER JOIN platform_modules AS p0 ON p.module_id = p0.id
      WHERE p.plan_id = @__planId_0
info: Microsoft.EntityFrameworkCore.Database.Command[20101]
      Executed DbCommand (2ms) [Parameters=[@__organizationId_0='?' (DbType = Guid)], CommandType='Text', CommandTimeout='30']
      SELECT p.code
      FROM organization_modules AS o
      INNER JOIN platform_modules AS p ON o.module_id = p.id
      WHERE o.organization_id = @__organizationId_0
info: Microsoft.EntityFrameworkCore.Database.Command[20101]
      Executed DbCommand (2ms) [Parameters=[@__organizationId_0='?' (DbType = Guid)], CommandType='Text', CommandTimeout='30']
      SELECT p.code
      FROM platform_modules AS p
      WHERE p.exclusive_organization_id IS NOT NULL AND p.exclusive_organization_id <> @__organizationId_0
info: Microsoft.EntityFrameworkCore.Database.Command[20101]
      Executed DbCommand (2ms) [Parameters=[], CommandType='Text', CommandTimeout='30']
      SELECT m.id AS "Id", m.parent_menu_id AS "ParentMenuId", m.origin_module AS "OriginModule", m.code AS "Code", m.name AS "Name", m.icon AS "Icon", m.page_path AS "PagePath", m."order" AS "Order"
      FROM menus AS m
      WHERE m.is_active
info: Microsoft.EntityFrameworkCore.Database.Command[20101]
      Executed DbCommand (1ms) [Parameters=[], CommandType='Text', CommandTimeout='30']
      SELECT p.code
      FROM platform_modules AS p
info: Microsoft.EntityFrameworkCore.Database.Command[20101]
      Executed DbCommand (2ms) [Parameters=[@__organizationId_0='?' (DbType = Guid)], CommandType='Text', CommandTimeout='30']
      SELECT p.code
      FROM organization_module_visibilities AS o
      INNER JOIN platform_modules AS p ON o.module_id = p.id
      WHERE o.organization_id = @__organizationId_0 AND o.is_hidden
info: Microsoft.EntityFrameworkCore.Database.Command[20101]
      Executed DbCommand (4ms) [Parameters=[@__tokenHash_0='?'], CommandType='Text', CommandTimeout='30']
      SELECT u.id, u.company_id, u.created_at, u.ip_address, u.is_revoked, u.organization_id, u.revoked_at, u.token_hash, u.user_agent, u.user_id
      FROM user_sessions AS u
      WHERE u.token_hash = @__tokenHash_0
      LIMIT 1
info: Microsoft.EntityFrameworkCore.Database.Command[20101]
      Executed DbCommand (2ms) [Parameters=[@___currentUser_OrganizationId_0='?' (DbType = Guid)], CommandType='Text', CommandTimeout='30']
      SELECT u.id AS "Id", u.username AS "Username", u.email AS "Email", u.is_admin AS "IsAdmin", u.is_active AS "IsActive", u.is_locked AS "IsLocked", u.last_login_at AS "LastLoginAt"
      FROM users AS u
      WHERE u.organization_id = @___currentUser_OrganizationId_0
      ORDER BY u.username
info: Microsoft.EntityFrameworkCore.Database.Command[20101]
      Executed DbCommand (2ms) [Parameters=[], CommandType='Text', CommandTimeout='30']
      SELECT m.id AS "Id", m.parent_menu_id AS "ParentMenuId", m.origin_module AS "OriginModule", m.code AS "Code", m.name AS "Name", m.icon AS "Icon", m.page_path AS "PagePath", m."order" AS "Order"
      FROM menus AS m
      WHERE m.is_active
info: Microsoft.EntityFrameworkCore.Database.Command[20101]
      Executed DbCommand (3ms) [Parameters=[], CommandType='Text', CommandTimeout='30']
      SELECT p.code
      FROM platform_modules AS p
info: Microsoft.EntityFrameworkCore.Database.Command[20101]
      Executed DbCommand (2ms) [Parameters=[@__organizationId_0='?' (DbType = Guid)], CommandType='Text', CommandTimeout='30']
      SELECT p.code
      FROM organization_module_visibilities AS o
      INNER JOIN platform_modules AS p ON o.module_id = p.id
      WHERE o.organization_id = @__organizationId_0 AND o.is_hidden
info: Microsoft.EntityFrameworkCore.Database.Command[20101]
      Executed DbCommand (3ms) [Parameters=[@__tokenHash_0='?'], CommandType='Text', CommandTimeout='30']
      SELECT u.id, u.company_id, u.created_at, u.ip_address, u.is_revoked, u.organization_id, u.revoked_at, u.token_hash, u.user_agent, u.user_id
      FROM user_sessions AS u
      WHERE u.token_hash = @__tokenHash_0
      LIMIT 1
info: Microsoft.EntityFrameworkCore.Database.Command[20101]
      Executed DbCommand (2ms) [Parameters=[@__userId_0='?' (DbType = Guid), @___currentUser_OrganizationId_1='?' (DbType = Guid)], CommandType='Text', CommandTimeout='30']
      SELECT u.id, u.created_at, u.email, u.failed_login_attempts, u.has_two_factor_enabled, u.is_active, u.is_admin, u.is_email_confirmed, u.is_locked, u.last_login_at, u.organization_id, u.password_hash, u.password_salt, u.two_factor_method, u.two_factor_secret, u.username
      FROM users AS u
      WHERE u.id = @__userId_0 AND u.organization_id = @___currentUser_OrganizationId_1
      LIMIT 1
info: Microsoft.EntityFrameworkCore.Database.Command[20101]
      Executed DbCommand (4ms) [Parameters=[@___currentUser_OrganizationId_0='?' (DbType = Guid)], CommandType='Text', CommandTimeout='30']
      SELECT c.id AS "Id", c.code AS "Code", c.name AS "Name"
      FROM companies AS c
      WHERE c.organization_id = @___currentUser_OrganizationId_0
      ORDER BY c.code
info: Microsoft.EntityFrameworkCore.Database.Command[20101]
      Executed DbCommand (2ms) [Parameters=[@__organizationId_0='?' (DbType = Guid)], CommandType='Text', CommandTimeout='30']
      SELECT m.id AS "Id", m.name AS "Name"
      FROM menu_groups AS m
      WHERE m.is_active AND (m.organization_id IS NULL OR m.organization_id = @__organizationId_0)
      ORDER BY m.name
info: Microsoft.EntityFrameworkCore.Database.Command[20101]
      Executed DbCommand (3ms) [Parameters=[], CommandType='Text', CommandTimeout='30']
      SELECT m.id AS "Id", m.origin_module AS "OriginModule", m.code AS "Code", m.name AS "Name"
      FROM menus AS m
      WHERE m.page_path IS NOT NULL
      ORDER BY m.origin_module, m."order"
info: Microsoft.EntityFrameworkCore.Database.Command[20101]
      Executed DbCommand (2ms) [Parameters=[@__organizationId_0='?' (DbType = Guid)], CommandType='Text', CommandTimeout='30']
      SELECT p.id AS "Id", p.name AS "Name"
      FROM profiles AS p
      WHERE p.organization_id IS NULL OR p.organization_id = @__organizationId_0
      ORDER BY p.name
info: Microsoft.EntityFrameworkCore.Database.Command[20101]
      Executed DbCommand (2ms) [Parameters=[@__userId_0='?' (DbType = Guid), @___currentUser_OrganizationId_1='?' (DbType = Guid)], CommandType='Text', CommandTimeout='30']
      SELECT EXISTS (
          SELECT 1
          FROM users AS u
          WHERE u.id = @__userId_0 AND u.organization_id = @___currentUser_OrganizationId_1)
info: Microsoft.EntityFrameworkCore.Database.Command[20101]
      Executed DbCommand (2ms) [Parameters=[@__companyId_0='?' (DbType = Guid), @___currentUser_OrganizationId_1='?' (DbType = Guid)], CommandType='Text', CommandTimeout='30']
      SELECT EXISTS (
          SELECT 1
          FROM companies AS c
          WHERE c.id = @__companyId_0 AND c.organization_id = @___currentUser_OrganizationId_1)
info: Microsoft.EntityFrameworkCore.Database.Command[20101]
      Executed DbCommand (3ms) [Parameters=[@__userId_0='?' (DbType = Guid), @__companyId_1='?' (DbType = Guid)], CommandType='Text', CommandTimeout='30']
      SELECT u.menu_group_id
      FROM user_menu_groups AS u
      WHERE u.user_id = @__userId_0 AND u.company_id = @__companyId_1
info: Microsoft.EntityFrameworkCore.Database.Command[20101]
      Executed DbCommand (2ms) [Parameters=[@__userId_0='?' (DbType = Guid), @__companyId_1='?' (DbType = Guid)], CommandType='Text', CommandTimeout='30']
      SELECT u.user_id, u.menu_id, u.company_id, u.profile_id
      FROM user_menu_profiles AS u
      WHERE u.user_id = @__userId_0 AND u.company_id = @__companyId_1
info: Microsoft.EntityFrameworkCore.Database.Command[20101]
      Executed DbCommand (3ms) [Parameters=[], CommandType='Text', CommandTimeout='30']
      SELECT m.id AS "Id", m.parent_menu_id AS "ParentMenuId", m.origin_module AS "OriginModule", m.code AS "Code", m.name AS "Name", m.icon AS "Icon", m.page_path AS "PagePath", m."order" AS "Order"
      FROM menus AS m
      WHERE m.is_active
info: Microsoft.EntityFrameworkCore.Database.Command[20101]
      Executed DbCommand (2ms) [Parameters=[], CommandType='Text', CommandTimeout='30']
      SELECT p.code
      FROM platform_modules AS p
info: Microsoft.EntityFrameworkCore.Database.Command[20101]
      Executed DbCommand (3ms) [Parameters=[@__organizationId_0='?' (DbType = Guid)], CommandType='Text', CommandTimeout='30']
      SELECT p.code
      FROM organization_module_visibilities AS o
      INNER JOIN platform_modules AS p ON o.module_id = p.id
      WHERE o.organization_id = @__organizationId_0 AND o.is_hidden
info: Microsoft.EntityFrameworkCore.Database.Command[20101]
      Executed DbCommand (3ms) [Parameters=[@__tokenHash_0='?'], CommandType='Text', CommandTimeout='30']
      SELECT u.id, u.company_id, u.created_at, u.ip_address, u.is_revoked, u.organization_id, u.revoked_at, u.token_hash, u.user_agent, u.user_id
      FROM user_sessions AS u
      WHERE u.token_hash = @__tokenHash_0
      LIMIT 1
info: Microsoft.EntityFrameworkCore.Database.Command[20101]
      Executed DbCommand (2ms) [Parameters=[@__userId_0='?' (DbType = Guid), @___currentUser_OrganizationId_1='?' (DbType = Guid)], CommandType='Text', CommandTimeout='30']
      SELECT EXISTS (
          SELECT 1
          FROM users AS u
          WHERE u.id = @__userId_0 AND u.organization_id = @___currentUser_OrganizationId_1)
info: Microsoft.EntityFrameworkCore.Database.Command[20101]
      Executed DbCommand (3ms) [Parameters=[@__companyId_0='?' (DbType = Guid), @___currentUser_OrganizationId_1='?' (DbType = Guid)], CommandType='Text', CommandTimeout='30']
      SELECT EXISTS (
          SELECT 1
          FROM companies AS c
          WHERE c.id = @__companyId_0 AND c.organization_id = @___currentUser_OrganizationId_1)
info: Microsoft.EntityFrameworkCore.Database.Command[20101]
      Executed DbCommand (5ms) [Parameters=[@__userId_0='?' (DbType = Guid), @__companyId_1='?' (DbType = Guid)], CommandType='Text', CommandTimeout='30']
      SELECT u.user_id, u.menu_group_id, u.company_id
      FROM user_menu_groups AS u
      WHERE u.user_id = @__userId_0 AND u.company_id = @__companyId_1
info: Microsoft.EntityFrameworkCore.Database.Command[20101]
      Executed DbCommand (2ms) [Parameters=[@__userId_0='?' (DbType = Guid), @__companyId_1='?' (DbType = Guid)], CommandType='Text', CommandTimeout='30']
      SELECT u.user_id, u.menu_id, u.company_id, u.profile_id
      FROM user_menu_profiles AS u
      WHERE u.user_id = @__userId_0 AND u.company_id = @__companyId_1
info: Microsoft.EntityFrameworkCore.Database.Command[20101]
      Executed DbCommand (7ms) [Parameters=[@p0='?' (DbType = Guid), @p1='?' (DbType = Int64), @p2='?' (DbType = Guid)], CommandType='Text', CommandTimeout='30']
      INSERT INTO user_menu_groups (company_id, menu_group_id, user_id)
      VALUES (@p0, @p1, @p2);
info: Microsoft.EntityFrameworkCore.Database.Command[20101]
      Executed DbCommand (2ms) [Parameters=[@__tokenHash_0='?'], CommandType='Text', CommandTimeout='30']
      SELECT u.id, u.company_id, u.created_at, u.ip_address, u.is_revoked, u.organization_id, u.revoked_at, u.token_hash, u.user_agent, u.user_id
      FROM user_sessions AS u
      WHERE u.token_hash = @__tokenHash_0
      LIMIT 1
info: Microsoft.EntityFrameworkCore.Database.Command[20101]
      Executed DbCommand (2ms) [Parameters=[@__userId_0='?' (DbType = Guid), @___currentUser_OrganizationId_1='?' (DbType = Guid)], CommandType='Text', CommandTimeout='30']
      SELECT u.id, u.created_at, u.email, u.failed_login_attempts, u.has_two_factor_enabled, u.is_active, u.is_admin, u.is_email_confirmed, u.is_locked, u.last_login_at, u.organization_id, u.password_hash, u.password_salt, u.two_factor_method, u.two_factor_secret, u.username
      FROM users AS u
      WHERE u.id = @__userId_0 AND u.organization_id = @___currentUser_OrganizationId_1
      LIMIT 1
info: Microsoft.EntityFrameworkCore.Database.Command[20101]
      Executed DbCommand (1ms) [Parameters=[@___currentUser_OrganizationId_0='?' (DbType = Guid)], CommandType='Text', CommandTimeout='30']
      SELECT c.id AS "Id", c.code AS "Code", c.name AS "Name"
      FROM companies AS c
      WHERE c.organization_id = @___currentUser_OrganizationId_0
      ORDER BY c.code
info: Microsoft.EntityFrameworkCore.Database.Command[20101]
      Executed DbCommand (1ms) [Parameters=[@__organizationId_0='?' (DbType = Guid)], CommandType='Text', CommandTimeout='30']
      SELECT m.id AS "Id", m.name AS "Name"
      FROM menu_groups AS m
      WHERE m.is_active AND (m.organization_id IS NULL OR m.organization_id = @__organizationId_0)
      ORDER BY m.name
info: Microsoft.EntityFrameworkCore.Database.Command[20101]
      Executed DbCommand (1ms) [Parameters=[], CommandType='Text', CommandTimeout='30']
      SELECT m.id AS "Id", m.origin_module AS "OriginModule", m.code AS "Code", m.name AS "Name"
      FROM menus AS m
      WHERE m.page_path IS NOT NULL
      ORDER BY m.origin_module, m."order"
info: Microsoft.EntityFrameworkCore.Database.Command[20101]
      Executed DbCommand (1ms) [Parameters=[@__organizationId_0='?' (DbType = Guid)], CommandType='Text', CommandTimeout='30']
      SELECT p.id AS "Id", p.name AS "Name"
      FROM profiles AS p
      WHERE p.organization_id IS NULL OR p.organization_id = @__organizationId_0
      ORDER BY p.name
info: Microsoft.EntityFrameworkCore.Database.Command[20101]
      Executed DbCommand (2ms) [Parameters=[@__userId_0='?' (DbType = Guid), @___currentUser_OrganizationId_1='?' (DbType = Guid)], CommandType='Text', CommandTimeout='30']
      SELECT EXISTS (
          SELECT 1
          FROM users AS u
          WHERE u.id = @__userId_0 AND u.organization_id = @___currentUser_OrganizationId_1)
info: Microsoft.EntityFrameworkCore.Database.Command[20101]
      Executed DbCommand (1ms) [Parameters=[@__companyId_0='?' (DbType = Guid), @___currentUser_OrganizationId_1='?' (DbType = Guid)], CommandType='Text', CommandTimeout='30']
      SELECT EXISTS (
          SELECT 1
          FROM companies AS c
          WHERE c.id = @__companyId_0 AND c.organization_id = @___currentUser_OrganizationId_1)
info: Microsoft.EntityFrameworkCore.Database.Command[20101]
      Executed DbCommand (2ms) [Parameters=[@__userId_0='?' (DbType = Guid), @__companyId_1='?' (DbType = Guid)], CommandType='Text', CommandTimeout='30']
      SELECT u.menu_group_id
      FROM user_menu_groups AS u
      WHERE u.user_id = @__userId_0 AND u.company_id = @__companyId_1
info: Microsoft.EntityFrameworkCore.Database.Command[20101]
      Executed DbCommand (83ms) [Parameters=[@__userId_0='?' (DbType = Guid), @__companyId_1='?' (DbType = Guid)], CommandType='Text', CommandTimeout='30']
      SELECT u.user_id, u.menu_id, u.company_id, u.profile_id
      FROM user_menu_profiles AS u
      WHERE u.user_id = @__userId_0 AND u.company_id = @__companyId_1
info: Microsoft.EntityFrameworkCore.Database.Command[20101]
      Executed DbCommand (2ms) [Parameters=[], CommandType='Text', CommandTimeout='30']
      SELECT m.id AS "Id", m.parent_menu_id AS "ParentMenuId", m.origin_module AS "OriginModule", m.code AS "Code", m.name AS "Name", m.icon AS "Icon", m.page_path AS "PagePath", m."order" AS "Order"
      FROM menus AS m
      WHERE m.is_active
info: Microsoft.EntityFrameworkCore.Database.Command[20101]
      Executed DbCommand (1ms) [Parameters=[], CommandType='Text', CommandTimeout='30']
      SELECT p.code
      FROM platform_modules AS p
info: Microsoft.EntityFrameworkCore.Database.Command[20101]
      Executed DbCommand (3ms) [Parameters=[@__organizationId_0='?' (DbType = Guid)], CommandType='Text', CommandTimeout='30']
      SELECT p.code
      FROM organization_module_visibilities AS o
      INNER JOIN platform_modules AS p ON o.module_id = p.id
      WHERE o.organization_id = @__organizationId_0 AND o.is_hidden
info: Microsoft.EntityFrameworkCore.Database.Command[20101]
      Executed DbCommand (2ms) [Parameters=[@__tokenHash_0='?'], CommandType='Text', CommandTimeout='30']
      SELECT u.id, u.company_id, u.created_at, u.ip_address, u.is_revoked, u.organization_id, u.revoked_at, u.token_hash, u.user_agent, u.user_id
      FROM user_sessions AS u
      WHERE u.token_hash = @__tokenHash_0
      LIMIT 1
info: Microsoft.EntityFrameworkCore.Database.Command[20101]
      Executed DbCommand (3ms) [Parameters=[@__organizationId_0='?' (DbType = Guid)], CommandType='Text', CommandTimeout='30']
      SELECT m.id, m.company_id, m.description, m.is_active, m.name, m.organization_id, m0.menu_group_id, m0.menu_id
      FROM menu_groups AS m
      LEFT JOIN menu_group_items AS m0 ON m.id = m0.menu_group_id
      WHERE m.organization_id IS NULL OR m.organization_id = @__organizationId_0
      ORDER BY m.name, m.id, m0.menu_group_id
info: Microsoft.EntityFrameworkCore.Database.Command[20101]
      Executed DbCommand (2ms) [Parameters=[@___currentUser_OrganizationId_0='?' (DbType = Guid)], CommandType='Text', CommandTimeout='30']
      SELECT c.id AS "Id", c.code AS "Code", c.name AS "Name"
      FROM companies AS c
      WHERE c.organization_id = @___currentUser_OrganizationId_0
      ORDER BY c.code
info: Microsoft.EntityFrameworkCore.Database.Command[20101]
      Executed DbCommand (2ms) [Parameters=[], CommandType='Text', CommandTimeout='30']
      SELECT m.id AS "Id", m.origin_module AS "OriginModule", m.code AS "Code", m.name AS "Name"
      FROM menus AS m
      WHERE m.page_path IS NOT NULL
      ORDER BY m.origin_module, m."order"
info: Microsoft.EntityFrameworkCore.Database.Command[20101]
      Executed DbCommand (3ms) [Parameters=[], CommandType='Text', CommandTimeout='30']
      SELECT m.id AS "Id", m.parent_menu_id AS "ParentMenuId", m.origin_module AS "OriginModule", m.code AS "Code", m.name AS "Name", m.icon AS "Icon", m.page_path AS "PagePath", m."order" AS "Order"
      FROM menus AS m
      WHERE m.is_active
info: Microsoft.EntityFrameworkCore.Database.Command[20101]
      Executed DbCommand (2ms) [Parameters=[], CommandType='Text', CommandTimeout='30']
      SELECT p.code
      FROM platform_modules AS p
info: Microsoft.EntityFrameworkCore.Database.Command[20101]
      Executed DbCommand (2ms) [Parameters=[@__organizationId_0='?' (DbType = Guid)], CommandType='Text', CommandTimeout='30']
      SELECT p.code
      FROM organization_module_visibilities AS o
      INNER JOIN platform_modules AS p ON o.module_id = p.id
      WHERE o.organization_id = @__organizationId_0 AND o.is_hidden
info: Microsoft.EntityFrameworkCore.Database.Command[20101]
      Executed DbCommand (3ms) [Parameters=[@__tokenHash_0='?'], CommandType='Text', CommandTimeout='30']
      SELECT u.id, u.company_id, u.created_at, u.ip_address, u.is_revoked, u.organization_id, u.revoked_at, u.token_hash, u.user_agent, u.user_id
      FROM user_sessions AS u
      WHERE u.token_hash = @__tokenHash_0
      LIMIT 1
info: Microsoft.EntityFrameworkCore.Database.Command[20101]
      Executed DbCommand (2ms) [Parameters=[], CommandType='Text', CommandTimeout='30']
      SELECT p.code
      FROM platform_modules AS p
      WHERE p.is_core
info: Microsoft.EntityFrameworkCore.Database.Command[20101]
      Executed DbCommand (2ms) [Parameters=[@__get_Item_0='?' (DbType = Guid)], CommandType='Text', CommandTimeout='30']
      SELECT o.id, o.country, o.created_at, o.legal_name, o.mode, o.slug, o.status, o.tax_id
      FROM organizations AS o
      WHERE o.id = @__get_Item_0
      LIMIT 1
info: Microsoft.EntityFrameworkCore.Database.Command[20101]
      Executed DbCommand (3ms) [Parameters=[@__8__locals1_organizationId_0='?' (DbType = Guid), @__now_1='?' (DbType = DateTime)], CommandType='Text', CommandTimeout='30']
      SELECT o.id, o.activation_key, o.expires_at, o.installation_fingerprint, o.issued_at, o.organization_id, o.plan_id, o.status
      FROM on_premise_licenses AS o
      WHERE o.organization_id = @__8__locals1_organizationId_0 AND o.status = 'active' AND o.expires_at > @__now_1
      ORDER BY o.expires_at DESC
      LIMIT 1
info: Microsoft.EntityFrameworkCore.Database.Command[20101]
      Executed DbCommand (5ms) [Parameters=[@__planId_0='?' (DbType = Int64)], CommandType='Text', CommandTimeout='30']
      SELECT p0.code
      FROM plan_modules AS p
      INNER JOIN platform_modules AS p0 ON p.module_id = p0.id
      WHERE p.plan_id = @__planId_0
info: Microsoft.EntityFrameworkCore.Database.Command[20101]
      Executed DbCommand (2ms) [Parameters=[@__organizationId_0='?' (DbType = Guid)], CommandType='Text', CommandTimeout='30']
      SELECT p.code
      FROM organization_modules AS o
      INNER JOIN platform_modules AS p ON o.module_id = p.id
      WHERE o.organization_id = @__organizationId_0
info: Microsoft.EntityFrameworkCore.Database.Command[20101]
      Executed DbCommand (1ms) [Parameters=[@__organizationId_0='?' (DbType = Guid)], CommandType='Text', CommandTimeout='30']
      SELECT p.code
      FROM platform_modules AS p
      WHERE p.exclusive_organization_id IS NOT NULL AND p.exclusive_organization_id <> @__organizationId_0
info: Microsoft.EntityFrameworkCore.Database.Command[20101]
      Executed DbCommand (4ms) [Parameters=[], CommandType='Text', CommandTimeout='30']
      SELECT m.id AS "Id", m.parent_menu_id AS "ParentMenuId", m.origin_module AS "OriginModule", m.code AS "Code", m.name AS "Name", m.icon AS "Icon", m.page_path AS "PagePath", m."order" AS "Order"
      FROM menus AS m
      WHERE m.is_active
info: Microsoft.EntityFrameworkCore.Database.Command[20101]
      Executed DbCommand (3ms) [Parameters=[], CommandType='Text', CommandTimeout='30']
      SELECT p.code
      FROM platform_modules AS p
info: Microsoft.EntityFrameworkCore.Database.Command[20101]
      Executed DbCommand (3ms) [Parameters=[@__organizationId_0='?' (DbType = Guid)], CommandType='Text', CommandTimeout='30']
      SELECT p.code
      FROM organization_module_visibilities AS o
      INNER JOIN platform_modules AS p ON o.module_id = p.id
      WHERE o.organization_id = @__organizationId_0 AND o.is_hidden
info: Microsoft.EntityFrameworkCore.Database.Command[20101]
      Executed DbCommand (5ms) [Parameters=[@__tokenHash_0='?'], CommandType='Text', CommandTimeout='30']
      SELECT u.id, u.company_id, u.created_at, u.ip_address, u.is_revoked, u.organization_id, u.revoked_at, u.token_hash, u.user_agent, u.user_id
      FROM user_sessions AS u
      WHERE u.token_hash = @__tokenHash_0
      LIMIT 1
info: Microsoft.EntityFrameworkCore.Database.Command[20101]
      Executed DbCommand (3ms) [Parameters=[@__organizationId_0='?' (DbType = Guid)], CommandType='Text', CommandTimeout='30']
      SELECT m.id, m.company_id, m.description, m.is_active, m.name, m.organization_id, m0.menu_group_id, m0.menu_id
      FROM menu_groups AS m
      LEFT JOIN menu_group_items AS m0 ON m.id = m0.menu_group_id
      WHERE m.organization_id IS NULL OR m.organization_id = @__organizationId_0
      ORDER BY m.name, m.id, m0.menu_group_id
info: Microsoft.EntityFrameworkCore.Database.Command[20101]
      Executed DbCommand (3ms) [Parameters=[@___currentUser_OrganizationId_0='?' (DbType = Guid)], CommandType='Text', CommandTimeout='30']
      SELECT c.id AS "Id", c.code AS "Code", c.name AS "Name"
      FROM companies AS c
      WHERE c.organization_id = @___currentUser_OrganizationId_0
      ORDER BY c.code
info: Microsoft.EntityFrameworkCore.Database.Command[20101]
      Executed DbCommand (2ms) [Parameters=[], CommandType='Text', CommandTimeout='30']
      SELECT m.id AS "Id", m.origin_module AS "OriginModule", m.code AS "Code", m.name AS "Name"
      FROM menus AS m
      WHERE m.page_path IS NOT NULL
      ORDER BY m.origin_module, m."order"
info: Microsoft.EntityFrameworkCore.Database.Command[20101]
      Executed DbCommand (4ms) [Parameters=[], CommandType='Text', CommandTimeout='30']
      SELECT m.id AS "Id", m.parent_menu_id AS "ParentMenuId", m.origin_module AS "OriginModule", m.code AS "Code", m.name AS "Name", m.icon AS "Icon", m.page_path AS "PagePath", m."order" AS "Order"
      FROM menus AS m
      WHERE m.is_active
info: Microsoft.EntityFrameworkCore.Database.Command[20101]
      Executed DbCommand (2ms) [Parameters=[], CommandType='Text', CommandTimeout='30']
      SELECT p.code
      FROM platform_modules AS p
info: Microsoft.EntityFrameworkCore.Database.Command[20101]
      Executed DbCommand (2ms) [Parameters=[@__organizationId_0='?' (DbType = Guid)], CommandType='Text', CommandTimeout='30']
      SELECT p.code
      FROM organization_module_visibilities AS o
      INNER JOIN platform_modules AS p ON o.module_id = p.id
      WHERE o.organization_id = @__organizationId_0 AND o.is_hidden
info: Microsoft.EntityFrameworkCore.Database.Command[20101]
      Executed DbCommand (3ms) [Parameters=[@__tokenHash_0='?'], CommandType='Text', CommandTimeout='30']
      SELECT u.id, u.company_id, u.created_at, u.ip_address, u.is_revoked, u.organization_id, u.revoked_at, u.token_hash, u.user_agent, u.user_id
      FROM user_sessions AS u
      WHERE u.token_hash = @__tokenHash_0
      LIMIT 1
info: Microsoft.EntityFrameworkCore.Database.Command[20101]
      Executed DbCommand (2ms) [Parameters=[@___currentUser_OrganizationId_0='?' (DbType = Guid)], CommandType='Text', CommandTimeout='30']
      SELECT u.id AS "Id", u.username AS "Username", u.email AS "Email", u.is_admin AS "IsAdmin", u.is_active AS "IsActive", u.is_locked AS "IsLocked", u.last_login_at AS "LastLoginAt"
      FROM users AS u
      WHERE u.organization_id = @___currentUser_OrganizationId_0
      ORDER BY u.username
info: Microsoft.EntityFrameworkCore.Database.Command[20101]
      Executed DbCommand (3ms) [Parameters=[], CommandType='Text', CommandTimeout='30']
      SELECT m.id AS "Id", m.parent_menu_id AS "ParentMenuId", m.origin_module AS "OriginModule", m.code AS "Code", m.name AS "Name", m.icon AS "Icon", m.page_path AS "PagePath", m."order" AS "Order"
      FROM menus AS m
      WHERE m.is_active
info: Microsoft.EntityFrameworkCore.Database.Command[20101]
      Executed DbCommand (3ms) [Parameters=[], CommandType='Text', CommandTimeout='30']
      SELECT p.code
      FROM platform_modules AS p
info: Microsoft.EntityFrameworkCore.Database.Command[20101]
      Executed DbCommand (2ms) [Parameters=[@__organizationId_0='?' (DbType = Guid)], CommandType='Text', CommandTimeout='30']
      SELECT p.code
      FROM organization_module_visibilities AS o
      INNER JOIN platform_modules AS p ON o.module_id = p.id
      WHERE o.organization_id = @__organizationId_0 AND o.is_hidden
info: Microsoft.EntityFrameworkCore.Database.Command[20101]
      Executed DbCommand (3ms) [Parameters=[@__tokenHash_0='?'], CommandType='Text', CommandTimeout='30']
      SELECT u.id, u.company_id, u.created_at, u.ip_address, u.is_revoked, u.organization_id, u.revoked_at, u.token_hash, u.user_agent, u.user_id
      FROM user_sessions AS u
      WHERE u.token_hash = @__tokenHash_0
      LIMIT 1
info: Microsoft.EntityFrameworkCore.Database.Command[20101]
      Executed DbCommand (3ms) [Parameters=[@__userId_0='?' (DbType = Guid), @___currentUser_OrganizationId_1='?' (DbType = Guid)], CommandType='Text', CommandTimeout='30']
      SELECT u.id, u.created_at, u.email, u.failed_login_attempts, u.has_two_factor_enabled, u.is_active, u.is_admin, u.is_email_confirmed, u.is_locked, u.last_login_at, u.organization_id, u.password_hash, u.password_salt, u.two_factor_method, u.two_factor_secret, u.username
      FROM users AS u
      WHERE u.id = @__userId_0 AND u.organization_id = @___currentUser_OrganizationId_1
      LIMIT 1
info: Microsoft.EntityFrameworkCore.Database.Command[20101]
      Executed DbCommand (3ms) [Parameters=[@___currentUser_OrganizationId_0='?' (DbType = Guid)], CommandType='Text', CommandTimeout='30']
      SELECT c.id AS "Id", c.code AS "Code", c.name AS "Name"
      FROM companies AS c
      WHERE c.organization_id = @___currentUser_OrganizationId_0
      ORDER BY c.code
info: Microsoft.EntityFrameworkCore.Database.Command[20101]
      Executed DbCommand (3ms) [Parameters=[@__organizationId_0='?' (DbType = Guid)], CommandType='Text', CommandTimeout='30']
      SELECT m.id AS "Id", m.name AS "Name"
      FROM menu_groups AS m
      WHERE m.is_active AND (m.organization_id IS NULL OR m.organization_id = @__organizationId_0)
      ORDER BY m.name
info: Microsoft.EntityFrameworkCore.Database.Command[20101]
      Executed DbCommand (1ms) [Parameters=[], CommandType='Text', CommandTimeout='30']
      SELECT m.id AS "Id", m.origin_module AS "OriginModule", m.code AS "Code", m.name AS "Name"
      FROM menus AS m
      WHERE m.page_path IS NOT NULL
      ORDER BY m.origin_module, m."order"
info: Microsoft.EntityFrameworkCore.Database.Command[20101]
      Executed DbCommand (1ms) [Parameters=[@__organizationId_0='?' (DbType = Guid)], CommandType='Text', CommandTimeout='30']
      SELECT p.id AS "Id", p.name AS "Name"
      FROM profiles AS p
      WHERE p.organization_id IS NULL OR p.organization_id = @__organizationId_0
      ORDER BY p.name
info: Microsoft.EntityFrameworkCore.Database.Command[20101]
      Executed DbCommand (1ms) [Parameters=[@__userId_0='?' (DbType = Guid), @___currentUser_OrganizationId_1='?' (DbType = Guid)], CommandType='Text', CommandTimeout='30']
      SELECT EXISTS (
          SELECT 1
          FROM users AS u
          WHERE u.id = @__userId_0 AND u.organization_id = @___currentUser_OrganizationId_1)
info: Microsoft.EntityFrameworkCore.Database.Command[20101]
      Executed DbCommand (4ms) [Parameters=[@__companyId_0='?' (DbType = Guid), @___currentUser_OrganizationId_1='?' (DbType = Guid)], CommandType='Text', CommandTimeout='30']
      SELECT EXISTS (
          SELECT 1
          FROM companies AS c
          WHERE c.id = @__companyId_0 AND c.organization_id = @___currentUser_OrganizationId_1)
info: Microsoft.EntityFrameworkCore.Database.Command[20101]
      Executed DbCommand (2ms) [Parameters=[@__userId_0='?' (DbType = Guid), @__companyId_1='?' (DbType = Guid)], CommandType='Text', CommandTimeout='30']
      SELECT u.menu_group_id
      FROM user_menu_groups AS u
      WHERE u.user_id = @__userId_0 AND u.company_id = @__companyId_1
info: Microsoft.EntityFrameworkCore.Database.Command[20101]
      Executed DbCommand (2ms) [Parameters=[@__userId_0='?' (DbType = Guid), @__companyId_1='?' (DbType = Guid)], CommandType='Text', CommandTimeout='30']
      SELECT u.user_id, u.menu_id, u.company_id, u.profile_id
      FROM user_menu_profiles AS u
      WHERE u.user_id = @__userId_0 AND u.company_id = @__companyId_1
info: Microsoft.EntityFrameworkCore.Database.Command[20101]
      Executed DbCommand (4ms) [Parameters=[], CommandType='Text', CommandTimeout='30']
      SELECT m.id AS "Id", m.parent_menu_id AS "ParentMenuId", m.origin_module AS "OriginModule", m.code AS "Code", m.name AS "Name", m.icon AS "Icon", m.page_path AS "PagePath", m."order" AS "Order"
      FROM menus AS m
      WHERE m.is_active
info: Microsoft.EntityFrameworkCore.Database.Command[20101]
      Executed DbCommand (3ms) [Parameters=[], CommandType='Text', CommandTimeout='30']
      SELECT p.code
      FROM platform_modules AS p
info: Microsoft.EntityFrameworkCore.Database.Command[20101]
      Executed DbCommand (4ms) [Parameters=[@__organizationId_0='?' (DbType = Guid)], CommandType='Text', CommandTimeout='30']
      SELECT p.code
      FROM organization_module_visibilities AS o
      INNER JOIN platform_modules AS p ON o.module_id = p.id
      WHERE o.organization_id = @__organizationId_0 AND o.is_hidden
info: Microsoft.EntityFrameworkCore.Database.Command[20101]
      Executed DbCommand (10ms) [Parameters=[@__tokenHash_0='?'], CommandType='Text', CommandTimeout='30']
      SELECT u.id, u.company_id, u.created_at, u.ip_address, u.is_revoked, u.organization_id, u.revoked_at, u.token_hash, u.user_agent, u.user_id
      FROM user_sessions AS u
      WHERE u.token_hash = @__tokenHash_0
      LIMIT 1
info: Microsoft.EntityFrameworkCore.Database.Command[20101]
      Executed DbCommand (8ms) [Parameters=[], CommandType='Text', CommandTimeout='30']
      SELECT p.code
      FROM platform_modules AS p
      WHERE p.is_core
info: Microsoft.EntityFrameworkCore.Database.Command[20101]
      Executed DbCommand (6ms) [Parameters=[@__get_Item_0='?' (DbType = Guid)], CommandType='Text', CommandTimeout='30']
      SELECT o.id, o.country, o.created_at, o.legal_name, o.mode, o.slug, o.status, o.tax_id
      FROM organizations AS o
      WHERE o.id = @__get_Item_0
      LIMIT 1
info: Microsoft.EntityFrameworkCore.Database.Command[20101]
      Executed DbCommand (9ms) [Parameters=[@__8__locals1_organizationId_0='?' (DbType = Guid), @__now_1='?' (DbType = DateTime)], CommandType='Text', CommandTimeout='30']
      SELECT o.id, o.activation_key, o.expires_at, o.installation_fingerprint, o.issued_at, o.organization_id, o.plan_id, o.status
      FROM on_premise_licenses AS o
      WHERE o.organization_id = @__8__locals1_organizationId_0 AND o.status = 'active' AND o.expires_at > @__now_1
      ORDER BY o.expires_at DESC
      LIMIT 1
info: Microsoft.EntityFrameworkCore.Database.Command[20101]
      Executed DbCommand (7ms) [Parameters=[@__planId_0='?' (DbType = Int64)], CommandType='Text', CommandTimeout='30']
      SELECT p0.code
      FROM plan_modules AS p
      INNER JOIN platform_modules AS p0 ON p.module_id = p0.id
      WHERE p.plan_id = @__planId_0
info: Microsoft.EntityFrameworkCore.Database.Command[20101]
      Executed DbCommand (5ms) [Parameters=[@__organizationId_0='?' (DbType = Guid)], CommandType='Text', CommandTimeout='30']
      SELECT p.code
      FROM organization_modules AS o
      INNER JOIN platform_modules AS p ON o.module_id = p.id
      WHERE o.organization_id = @__organizationId_0
info: Microsoft.EntityFrameworkCore.Database.Command[20101]
      Executed DbCommand (8ms) [Parameters=[@__organizationId_0='?' (DbType = Guid)], CommandType='Text', CommandTimeout='30']
      SELECT p.code
      FROM platform_modules AS p
      WHERE p.exclusive_organization_id IS NOT NULL AND p.exclusive_organization_id <> @__organizationId_0
info: Microsoft.EntityFrameworkCore.Database.Command[20101]
      Executed DbCommand (4ms) [Parameters=[], CommandType='Text', CommandTimeout='30']
      SELECT m.id AS "Id", m.parent_menu_id AS "ParentMenuId", m.origin_module AS "OriginModule", m.code AS "Code", m.name AS "Name", m.icon AS "Icon", m.page_path AS "PagePath", m."order" AS "Order"
      FROM menus AS m
      WHERE m.is_active
info: Microsoft.EntityFrameworkCore.Database.Command[20101]
      Executed DbCommand (2ms) [Parameters=[], CommandType='Text', CommandTimeout='30']
      SELECT p.code
      FROM platform_modules AS p
info: Microsoft.EntityFrameworkCore.Database.Command[20101]
      Executed DbCommand (8ms) [Parameters=[@__organizationId_0='?' (DbType = Guid)], CommandType='Text', CommandTimeout='30']
      SELECT p.code
      FROM organization_module_visibilities AS o
      INNER JOIN platform_modules AS p ON o.module_id = p.id
      WHERE o.organization_id = @__organizationId_0 AND o.is_hidden
info: Microsoft.EntityFrameworkCore.Database.Command[20101]
      Executed DbCommand (3ms) [Parameters=[@__tokenHash_0='?'], CommandType='Text', CommandTimeout='30']
      SELECT u.id, u.company_id, u.created_at, u.ip_address, u.is_revoked, u.organization_id, u.revoked_at, u.token_hash, u.user_agent, u.user_id
      FROM user_sessions AS u
      WHERE u.token_hash = @__tokenHash_0
      LIMIT 1
info: Microsoft.EntityFrameworkCore.Database.Command[20101]
      Executed DbCommand (3ms) [Parameters=[@___currentUser_OrganizationId_0='?' (DbType = Guid)], CommandType='Text', CommandTimeout='30']
      SELECT u.id AS "Id", u.username AS "Username", u.email AS "Email", u.is_admin AS "IsAdmin", u.is_active AS "IsActive", u.is_locked AS "IsLocked", u.last_login_at AS "LastLoginAt"
      FROM users AS u
      WHERE u.organization_id = @___currentUser_OrganizationId_0
      ORDER BY u.username
info: Microsoft.EntityFrameworkCore.Database.Command[20101]
      Executed DbCommand (3ms) [Parameters=[], CommandType='Text', CommandTimeout='30']
      SELECT m.id AS "Id", m.parent_menu_id AS "ParentMenuId", m.origin_module AS "OriginModule", m.code AS "Code", m.name AS "Name", m.icon AS "Icon", m.page_path AS "PagePath", m."order" AS "Order"
      FROM menus AS m
      WHERE m.is_active
info: Microsoft.EntityFrameworkCore.Database.Command[20101]
      Executed DbCommand (2ms) [Parameters=[], CommandType='Text', CommandTimeout='30']
      SELECT p.code
      FROM platform_modules AS p
info: Microsoft.EntityFrameworkCore.Database.Command[20101]
      Executed DbCommand (2ms) [Parameters=[@__organizationId_0='?' (DbType = Guid)], CommandType='Text', CommandTimeout='30']
      SELECT p.code
      FROM organization_module_visibilities AS o
      INNER JOIN platform_modules AS p ON o.module_id = p.id
      WHERE o.organization_id = @__organizationId_0 AND o.is_hidden
info: Microsoft.EntityFrameworkCore.Database.Command[20101]
      Executed DbCommand (4ms) [Parameters=[@__tokenHash_0='?'], CommandType='Text', CommandTimeout='30']
      SELECT u.id, u.company_id, u.created_at, u.ip_address, u.is_revoked, u.organization_id, u.revoked_at, u.token_hash, u.user_agent, u.user_id
      FROM user_sessions AS u
      WHERE u.token_hash = @__tokenHash_0
      LIMIT 1
info: Microsoft.EntityFrameworkCore.Database.Command[20101]
      Executed DbCommand (2ms) [Parameters=[], CommandType='Text', CommandTimeout='30']
      SELECT p.code
      FROM platform_modules AS p
      WHERE p.is_core
info: Microsoft.EntityFrameworkCore.Database.Command[20101]
      Executed DbCommand (2ms) [Parameters=[@__get_Item_0='?' (DbType = Guid)], CommandType='Text', CommandTimeout='30']
      SELECT o.id, o.country, o.created_at, o.legal_name, o.mode, o.slug, o.status, o.tax_id
      FROM organizations AS o
      WHERE o.id = @__get_Item_0
      LIMIT 1
info: Microsoft.EntityFrameworkCore.Database.Command[20101]
      Executed DbCommand (2ms) [Parameters=[@__8__locals1_organizationId_0='?' (DbType = Guid), @__now_1='?' (DbType = DateTime)], CommandType='Text', CommandTimeout='30']
      SELECT o.id, o.activation_key, o.expires_at, o.installation_fingerprint, o.issued_at, o.organization_id, o.plan_id, o.status
      FROM on_premise_licenses AS o
      WHERE o.organization_id = @__8__locals1_organizationId_0 AND o.status = 'active' AND o.expires_at > @__now_1
      ORDER BY o.expires_at DESC
      LIMIT 1
info: Microsoft.EntityFrameworkCore.Database.Command[20101]
      Executed DbCommand (3ms) [Parameters=[@__planId_0='?' (DbType = Int64)], CommandType='Text', CommandTimeout='30']
      SELECT p0.code
      FROM plan_modules AS p
      INNER JOIN platform_modules AS p0 ON p.module_id = p0.id
      WHERE p.plan_id = @__planId_0
info: Microsoft.EntityFrameworkCore.Database.Command[20101]
      Executed DbCommand (2ms) [Parameters=[@__organizationId_0='?' (DbType = Guid)], CommandType='Text', CommandTimeout='30']
      SELECT p.code
      FROM organization_modules AS o
      INNER JOIN platform_modules AS p ON o.module_id = p.id
      WHERE o.organization_id = @__organizationId_0
info: Microsoft.EntityFrameworkCore.Database.Command[20101]
      Executed DbCommand (2ms) [Parameters=[@__organizationId_0='?' (DbType = Guid)], CommandType='Text', CommandTimeout='30']
      SELECT p.code
      FROM platform_modules AS p
      WHERE p.exclusive_organization_id IS NOT NULL AND p.exclusive_organization_id <> @__organizationId_0
info: Microsoft.EntityFrameworkCore.Database.Command[20101]
      Executed DbCommand (2ms) [Parameters=[], CommandType='Text', CommandTimeout='30']
      SELECT m.id AS "Id", m.parent_menu_id AS "ParentMenuId", m.origin_module AS "OriginModule", m.code AS "Code", m.name AS "Name", m.icon AS "Icon", m.page_path AS "PagePath", m."order" AS "Order"
      FROM menus AS m
      WHERE m.is_active
info: Microsoft.EntityFrameworkCore.Database.Command[20101]
      Executed DbCommand (2ms) [Parameters=[], CommandType='Text', CommandTimeout='30']
      SELECT p.code
      FROM platform_modules AS p
info: Microsoft.EntityFrameworkCore.Database.Command[20101]
      Executed DbCommand (2ms) [Parameters=[@__organizationId_0='?' (DbType = Guid)], CommandType='Text', CommandTimeout='30']
      SELECT p.code
      FROM organization_module_visibilities AS o
      INNER JOIN platform_modules AS p ON o.module_id = p.id
      WHERE o.organization_id = @__organizationId_0 AND o.is_hidden
info: Microsoft.EntityFrameworkCore.Database.Command[20101]
      Executed DbCommand (3ms) [Parameters=[@__tokenHash_0='?'], CommandType='Text', CommandTimeout='30']
      SELECT u.id, u.company_id, u.created_at, u.ip_address, u.is_revoked, u.organization_id, u.revoked_at, u.token_hash, u.user_agent, u.user_id
      FROM user_sessions AS u
      WHERE u.token_hash = @__tokenHash_0
      LIMIT 1
info: Microsoft.EntityFrameworkCore.Database.Command[20101]
      Executed DbCommand (11ms) [Parameters=[@__moduleCode_0='?', @__organizationId_1='?' (DbType = Guid), @__companyId_2='?' (DbType = Guid)], CommandType='Text', CommandTimeout='30']
      SELECT m.id, m.company_id, m.created_at, m.database_name, m.engine_type, m.host, m.is_active, m.module_code, m.organization_id, m.port, m.technical_secret_key, m.technical_username, m.updated_at
      FROM module_external_connections AS m
      WHERE m.module_code = @__moduleCode_0 AND m.organization_id = @__organizationId_1 AND m.is_active AND m.company_id = @__companyId_2
      LIMIT 1
info: Microsoft.EntityFrameworkCore.Database.Command[20101]
      Executed DbCommand (7ms) [Parameters=[@__moduleCode_0='?', @__organizationId_1='?' (DbType = Guid)], CommandType='Text', CommandTimeout='30']
      SELECT m.id, m.company_id, m.created_at, m.database_name, m.engine_type, m.host, m.is_active, m.module_code, m.organization_id, m.port, m.technical_secret_key, m.technical_username, m.updated_at
      FROM module_external_connections AS m
      WHERE m.module_code = @__moduleCode_0 AND m.organization_id = @__organizationId_1 AND m.is_active AND m.company_id IS NULL
      LIMIT 1
info: Microsoft.EntityFrameworkCore.Database.Command[20101]
      Executed DbCommand (23ms) [Parameters=[@__companyId_0='?' (DbType = Guid), @__userId_1='?' (DbType = Guid)], CommandType='Text', CommandTimeout='30']
      SELECT e.id, e.amount, e.applied_rate_per_km, e.company_id, e.currency, e.expense_date, e.destination, e.distance_km, e.document_number, e.document_type_id, e.expense_receipt_id, e.expense_report_id, e.expense_type_id, e.notes, e.origin, e.status, e.supplier_name, e.supplier_tax_id, e.tax_amount, e.user_id, e0.id, e0.company_id, e0.is_active, e0.is_mileage, e0.name, e0.rate_per_km, e0.sap_gl_account, d.id, d.applies_tax, d.company_id, d.is_active, d.name, d.tax_percentage, e1.id, e1.company_id, e1.cost_center_code, e1.cost_center_name, e1.created_at, e1.current_level, e1.expense_approval_group_id, e1.expense_fund_id, e1.resolved_at, e1.round, e1.status, e1.submitted_at, e1.user_id
      FROM expense_report_lines AS e
      LEFT JOIN expense_types AS e0 ON e.expense_type_id = e0.id
      LEFT JOIN document_types AS d ON e.document_type_id = d.id
      LEFT JOIN expense_reports AS e1 ON e.expense_report_id = e1.id
      WHERE e.company_id = @__companyId_0 AND e.user_id = @__userId_1
      ORDER BY e.expense_date DESC
info: Microsoft.EntityFrameworkCore.Database.Command[20101]
      Executed DbCommand (2ms) [Parameters=[], CommandType='Text', CommandTimeout='30']
      SELECT m.id AS "Id", m.parent_menu_id AS "ParentMenuId", m.origin_module AS "OriginModule", m.code AS "Code", m.name AS "Name", m.icon AS "Icon", m.page_path AS "PagePath", m."order" AS "Order"
      FROM menus AS m
      WHERE m.is_active
info: Microsoft.EntityFrameworkCore.Database.Command[20101]
      Executed DbCommand (1ms) [Parameters=[], CommandType='Text', CommandTimeout='30']
      SELECT p.code
      FROM platform_modules AS p
info: Microsoft.EntityFrameworkCore.Database.Command[20101]
      Executed DbCommand (1ms) [Parameters=[@__organizationId_0='?' (DbType = Guid)], CommandType='Text', CommandTimeout='30']
      SELECT p.code
      FROM organization_module_visibilities AS o
      INNER JOIN platform_modules AS p ON o.module_id = p.id
      WHERE o.organization_id = @__organizationId_0 AND o.is_hidden
info: Microsoft.EntityFrameworkCore.Database.Command[20101]
      Executed DbCommand (3ms) [Parameters=[@__tokenHash_0='?'], CommandType='Text', CommandTimeout='30']
      SELECT u.id, u.company_id, u.created_at, u.ip_address, u.is_revoked, u.organization_id, u.revoked_at, u.token_hash, u.user_agent, u.user_id
      FROM user_sessions AS u
      WHERE u.token_hash = @__tokenHash_0
      LIMIT 1
info: Microsoft.EntityFrameworkCore.Database.Command[20101]
      Executed DbCommand (3ms) [Parameters=[@__moduleCode_0='?', @__organizationId_1='?' (DbType = Guid), @__companyId_2='?' (DbType = Guid)], CommandType='Text', CommandTimeout='30']
      SELECT m.id, m.company_id, m.created_at, m.database_name, m.engine_type, m.host, m.is_active, m.module_code, m.organization_id, m.port, m.technical_secret_key, m.technical_username, m.updated_at
      FROM module_external_connections AS m
      WHERE m.module_code = @__moduleCode_0 AND m.organization_id = @__organizationId_1 AND m.is_active AND m.company_id = @__companyId_2
      LIMIT 1
info: Microsoft.EntityFrameworkCore.Database.Command[20101]
      Executed DbCommand (4ms) [Parameters=[@__moduleCode_0='?', @__organizationId_1='?' (DbType = Guid)], CommandType='Text', CommandTimeout='30']
      SELECT m.id, m.company_id, m.created_at, m.database_name, m.engine_type, m.host, m.is_active, m.module_code, m.organization_id, m.port, m.technical_secret_key, m.technical_username, m.updated_at
      FROM module_external_connections AS m
      WHERE m.module_code = @__moduleCode_0 AND m.organization_id = @__organizationId_1 AND m.is_active AND m.company_id IS NULL
      LIMIT 1
info: Microsoft.EntityFrameworkCore.Database.Command[20101]
      Executed DbCommand (3ms) [Parameters=[@__companyId_0='?' (DbType = Guid), @__userId_1='?' (DbType = Guid)], CommandType='Text', CommandTimeout='30']
      SELECT e.id, e.company_id, e.cost_center_code, e.cost_center_name, e.created_at, e.current_level, e.expense_approval_group_id, e.expense_fund_id, e.resolved_at, e.round, e.status, e.submitted_at, e.user_id, e0.id, e0.amount, e0.applied_rate_per_km, e0.company_id, e0.currency, e0.expense_date, e0.destination, e0.distance_km, e0.document_number, e0.document_type_id, e0.expense_receipt_id, e0.expense_report_id, e0.expense_type_id, e0.notes, e0.origin, e0.status, e0.supplier_name, e0.supplier_tax_id, e0.tax_amount, e0.user_id
      FROM expense_reports AS e
      LEFT JOIN expense_report_lines AS e0 ON e.id = e0.expense_report_id
      WHERE e.company_id = @__companyId_0 AND e.user_id = @__userId_1
      ORDER BY e.created_at DESC, e.id
info: Microsoft.EntityFrameworkCore.Database.Command[20101]
      Executed DbCommand (30ms) [Parameters=[@__companyId_0='?' (DbType = Guid), @__userId_1='?' (DbType = Guid)], CommandType='Text', CommandTimeout='30']
      SELECT e.id, e.amount, e.applied_rate_per_km, e.company_id, e.currency, e.expense_date, e.destination, e.distance_km, e.document_number, e.document_type_id, e.expense_receipt_id, e.expense_report_id, e.expense_type_id, e.notes, e.origin, e.status, e.supplier_name, e.supplier_tax_id, e.tax_amount, e.user_id, e0.id, e0.company_id, e0.is_active, e0.is_mileage, e0.name, e0.rate_per_km, e0.sap_gl_account, d.id, d.applies_tax, d.company_id, d.is_active, d.name, d.tax_percentage
      FROM expense_report_lines AS e
      LEFT JOIN expense_types AS e0 ON e.expense_type_id = e0.id
      LEFT JOIN document_types AS d ON e.document_type_id = d.id
      WHERE e.company_id = @__companyId_0 AND e.user_id = @__userId_1 AND e.status = 'Loose'
      ORDER BY e.expense_date DESC
fail: Microsoft.AspNetCore.Diagnostics.DeveloperExceptionPageMiddleware[1]
      An unhandled exception has occurred while executing the request.
      System.MissingMethodException: Method not found: 'System.Threading.Tasks.Task`1<System.Collections.Generic.IReadOnlyList`1<PortalSaas.Abstractions.Modelos.CostCenterDto>> PortalSaas.Abstractions.Contratos.ICostCenterCatalogService.ListAsync(System.Threading.CancellationToken)'.
         at Modulo.Rendiciones.Servicios.UserCostCenterService.GetAvailableAsync(Guid companyId, Guid userId, CancellationToken ct)
         at System.Runtime.CompilerServices.AsyncMethodBuilderCore.Start[TStateMachine](TStateMachine& stateMachine)
         at Modulo.Rendiciones.Servicios.UserCostCenterService.GetAvailableAsync(Guid companyId, Guid userId, CancellationToken ct)
         at Modulo.Rendiciones.Pages.Informes.IndexModel.LoadAsync(CancellationToken ct) in C:\PROYECTOS\Modulo.Rendiciones\src\Modulo.Rendiciones\Pages\Informes\Index.cshtml.cs:line 87
         at Modulo.Rendiciones.Pages.Informes.IndexModel.OnGetAsync(CancellationToken ct) in C:\PROYECTOS\Modulo.Rendiciones\src\Modulo.Rendiciones\Pages\Informes\Index.cshtml.cs:line 50
         at Microsoft.AspNetCore.Mvc.RazorPages.Infrastructure.ExecutorFactory.NonGenericTaskHandlerMethod.Execute(Object receiver, Object[] arguments)
         at Microsoft.AspNetCore.Mvc.RazorPages.Infrastructure.PageActionInvoker.InvokeHandlerMethodAsync()
         at Microsoft.AspNetCore.Mvc.RazorPages.Infrastructure.PageActionInvoker.InvokeNextPageFilterAsync()
         at Microsoft.AspNetCore.Mvc.RazorPages.Infrastructure.PageActionInvoker.Rethrow(PageHandlerExecutedContext context)
         at Microsoft.AspNetCore.Mvc.RazorPages.Infrastructure.PageActionInvoker.Next(State& next, Scope& scope, Object& state, Boolean& isCompleted)
         at Microsoft.AspNetCore.Mvc.RazorPages.Infrastructure.PageActionInvoker.InvokeInnerFilterAsync()
         at Microsoft.AspNetCore.Mvc.Infrastructure.ResourceInvoker.<InvokeNextResourceFilter>g__Awaited|25_0(ResourceInvoker invoker, Task lastTask, State next, Scope scope, Object state, Boolean isCompleted)
         at Microsoft.AspNetCore.Mvc.Infrastructure.ResourceInvoker.Rethrow(ResourceExecutedContextSealed context)
         at Microsoft.AspNetCore.Mvc.Infrastructure.ResourceInvoker.Next(State& next, Scope& scope, Object& state, Boolean& isCompleted)
         at Microsoft.AspNetCore.Mvc.Infrastructure.ResourceInvoker.<InvokeFilterPipelineAsync>g__Awaited|20_0(ResourceInvoker invoker, Task lastTask, State next, Scope scope, Object state, Boolean isCompleted)
         at Microsoft.AspNetCore.Mvc.Infrastructure.ResourceInvoker.<InvokeAsync>g__Awaited|17_0(ResourceInvoker invoker, Task task, IDisposable scope)
         at Microsoft.AspNetCore.Mvc.Infrastructure.ResourceInvoker.<InvokeAsync>g__Awaited|17_0(ResourceInvoker invoker, Task task, IDisposable scope)
         at Microsoft.AspNetCore.Authorization.AuthorizationMiddleware.Invoke(HttpContext context)
         at Microsoft.AspNetCore.Authentication.AuthenticationMiddleware.Invoke(HttpContext context)
         at Microsoft.AspNetCore.Diagnostics.DeveloperExceptionPageMiddlewareImpl.Invoke(HttpContext context)
info: Microsoft.EntityFrameworkCore.Database.Command[20101]
      Executed DbCommand (8ms) [Parameters=[@__tokenHash_0='?'], CommandType='Text', CommandTimeout='30']
      SELECT u.id, u.company_id, u.created_at, u.ip_address, u.is_revoked, u.organization_id, u.revoked_at, u.token_hash, u.user_agent, u.user_id
      FROM user_sessions AS u
      WHERE u.token_hash = @__tokenHash_0
      LIMIT 1
info: Microsoft.EntityFrameworkCore.Database.Command[20101]
      Executed DbCommand (5ms) [Parameters=[], CommandType='Text', CommandTimeout='30']
      SELECT m.id AS "Id", m.parent_menu_id AS "ParentMenuId", m.origin_module AS "OriginModule", m.code AS "Code", m.name AS "Name", m.icon AS "Icon", m.page_path AS "PagePath", m."order" AS "Order"
      FROM menus AS m
      WHERE m.is_active
info: Microsoft.EntityFrameworkCore.Database.Command[20101]
      Executed DbCommand (7ms) [Parameters=[], CommandType='Text', CommandTimeout='30']
      SELECT p.code
      FROM platform_modules AS p
info: Microsoft.EntityFrameworkCore.Database.Command[20101]
      Executed DbCommand (2ms) [Parameters=[@__organizationId_0='?' (DbType = Guid)], CommandType='Text', CommandTimeout='30']
      SELECT p.code
      FROM organization_module_visibilities AS o
      INNER JOIN platform_modules AS p ON o.module_id = p.id
      WHERE o.organization_id = @__organizationId_0 AND o.is_hidden
info: Microsoft.EntityFrameworkCore.Database.Command[20101]
      Executed DbCommand (6ms) [Parameters=[@__userId_0='?' (DbType = Guid)], CommandType='Text', CommandTimeout='30']
      SELECT u.menu_id
      FROM user_home_shortcuts AS u
      WHERE u.user_id = @__userId_0
      ORDER BY u."order", u.id
info: Microsoft.EntityFrameworkCore.Database.Command[20101]
      Executed DbCommand (7ms) [Parameters=[], CommandType='Text', CommandTimeout='30']
      SELECT m.id AS "Id", m.parent_menu_id AS "ParentMenuId", m.origin_module AS "OriginModule", m.code AS "Code", m.name AS "Name", m.icon AS "Icon", m.page_path AS "PagePath", m."order" AS "Order"
      FROM menus AS m
      WHERE m.is_active
info: Microsoft.EntityFrameworkCore.Database.Command[20101]
      Executed DbCommand (6ms) [Parameters=[], CommandType='Text', CommandTimeout='30']
      SELECT p.code
      FROM platform_modules AS p
info: Microsoft.EntityFrameworkCore.Database.Command[20101]
      Executed DbCommand (5ms) [Parameters=[@__organizationId_0='?' (DbType = Guid)], CommandType='Text', CommandTimeout='30']
      SELECT p.code
      FROM organization_module_visibilities AS o
      INNER JOIN platform_modules AS p ON o.module_id = p.id
      WHERE o.organization_id = @__organizationId_0 AND o.is_hidden
info: Microsoft.EntityFrameworkCore.Database.Command[20101]
      Executed DbCommand (3ms) [Parameters=[@__tokenHash_0='?'], CommandType='Text', CommandTimeout='30']
      SELECT u.id, u.company_id, u.created_at, u.ip_address, u.is_revoked, u.organization_id, u.revoked_at, u.token_hash, u.user_agent, u.user_id
      FROM user_sessions AS u
      WHERE u.token_hash = @__tokenHash_0
      LIMIT 1
info: Microsoft.EntityFrameworkCore.Database.Command[20101]
      Executed DbCommand (4ms) [Parameters=[@___currentUser_OrganizationId_0='?' (DbType = Guid)], CommandType='Text', CommandTimeout='30']
      SELECT u.id AS "Id", u.username AS "Username", u.email AS "Email", u.is_admin AS "IsAdmin", u.is_active AS "IsActive", u.is_locked AS "IsLocked", u.last_login_at AS "LastLoginAt"
      FROM users AS u
      WHERE u.organization_id = @___currentUser_OrganizationId_0
      ORDER BY u.username
info: Microsoft.EntityFrameworkCore.Database.Command[20101]
      Executed DbCommand (3ms) [Parameters=[], CommandType='Text', CommandTimeout='30']
      SELECT m.id AS "Id", m.parent_menu_id AS "ParentMenuId", m.origin_module AS "OriginModule", m.code AS "Code", m.name AS "Name", m.icon AS "Icon", m.page_path AS "PagePath", m."order" AS "Order"
      FROM menus AS m
      WHERE m.is_active
info: Microsoft.EntityFrameworkCore.Database.Command[20101]
      Executed DbCommand (2ms) [Parameters=[], CommandType='Text', CommandTimeout='30']
      SELECT p.code
      FROM platform_modules AS p
info: Microsoft.EntityFrameworkCore.Database.Command[20101]
      Executed DbCommand (2ms) [Parameters=[@__organizationId_0='?' (DbType = Guid)], CommandType='Text', CommandTimeout='30']
      SELECT p.code
      FROM organization_module_visibilities AS o
      INNER JOIN platform_modules AS p ON o.module_id = p.id
      WHERE o.organization_id = @__organizationId_0 AND o.is_hidden
info: Microsoft.EntityFrameworkCore.Database.Command[20101]
      Executed DbCommand (18ms) [Parameters=[@__tokenHash_0='?'], CommandType='Text', CommandTimeout='30']
      SELECT u.id, u.company_id, u.created_at, u.ip_address, u.is_revoked, u.organization_id, u.revoked_at, u.token_hash, u.user_agent, u.user_id
      FROM user_sessions AS u
      WHERE u.token_hash = @__tokenHash_0
      LIMIT 1
info: Microsoft.EntityFrameworkCore.Database.Command[20101]
      Executed DbCommand (8ms) [Parameters=[@__userId_0='?' (DbType = Guid), @___currentUser_OrganizationId_1='?' (DbType = Guid)], CommandType='Text', CommandTimeout='30']
      SELECT u.id, u.created_at, u.email, u.failed_login_attempts, u.has_two_factor_enabled, u.is_active, u.is_admin, u.is_email_confirmed, u.is_locked, u.last_login_at, u.organization_id, u.password_hash, u.password_salt, u.two_factor_method, u.two_factor_secret, u.username
      FROM users AS u
      WHERE u.id = @__userId_0 AND u.organization_id = @___currentUser_OrganizationId_1
      LIMIT 1
info: Microsoft.EntityFrameworkCore.Database.Command[20101]
      Executed DbCommand (3ms) [Parameters=[@___currentUser_OrganizationId_0='?' (DbType = Guid)], CommandType='Text', CommandTimeout='30']
      SELECT c.id AS "Id", c.code AS "Code", c.name AS "Name"
      FROM companies AS c
      WHERE c.organization_id = @___currentUser_OrganizationId_0
      ORDER BY c.code
info: Microsoft.EntityFrameworkCore.Database.Command[20101]
      Executed DbCommand (5ms) [Parameters=[@__organizationId_0='?' (DbType = Guid)], CommandType='Text', CommandTimeout='30']
      SELECT m.id AS "Id", m.name AS "Name"
      FROM menu_groups AS m
      WHERE m.is_active AND (m.organization_id IS NULL OR m.organization_id = @__organizationId_0)
      ORDER BY m.name
info: Microsoft.EntityFrameworkCore.Database.Command[20101]
      Executed DbCommand (7ms) [Parameters=[], CommandType='Text', CommandTimeout='30']
      SELECT m.id AS "Id", m.origin_module AS "OriginModule", m.code AS "Code", m.name AS "Name"
      FROM menus AS m
      WHERE m.page_path IS NOT NULL
      ORDER BY m.origin_module, m."order"
info: Microsoft.EntityFrameworkCore.Database.Command[20101]
      Executed DbCommand (6ms) [Parameters=[@__organizationId_0='?' (DbType = Guid)], CommandType='Text', CommandTimeout='30']
      SELECT p.id AS "Id", p.name AS "Name"
      FROM profiles AS p
      WHERE p.organization_id IS NULL OR p.organization_id = @__organizationId_0
      ORDER BY p.name
info: Microsoft.EntityFrameworkCore.Database.Command[20101]
      Executed DbCommand (6ms) [Parameters=[@__userId_0='?' (DbType = Guid), @___currentUser_OrganizationId_1='?' (DbType = Guid)], CommandType='Text', CommandTimeout='30']
      SELECT EXISTS (
          SELECT 1
          FROM users AS u
          WHERE u.id = @__userId_0 AND u.organization_id = @___currentUser_OrganizationId_1)
info: Microsoft.EntityFrameworkCore.Database.Command[20101]
      Executed DbCommand (6ms) [Parameters=[@__companyId_0='?' (DbType = Guid), @___currentUser_OrganizationId_1='?' (DbType = Guid)], CommandType='Text', CommandTimeout='30']
      SELECT EXISTS (
          SELECT 1
          FROM companies AS c
          WHERE c.id = @__companyId_0 AND c.organization_id = @___currentUser_OrganizationId_1)
info: Microsoft.EntityFrameworkCore.Database.Command[20101]
      Executed DbCommand (5ms) [Parameters=[@__userId_0='?' (DbType = Guid), @__companyId_1='?' (DbType = Guid)], CommandType='Text', CommandTimeout='30']
      SELECT u.menu_group_id
      FROM user_menu_groups AS u
      WHERE u.user_id = @__userId_0 AND u.company_id = @__companyId_1
info: Microsoft.EntityFrameworkCore.Database.Command[20101]
      Executed DbCommand (10ms) [Parameters=[@__userId_0='?' (DbType = Guid), @__companyId_1='?' (DbType = Guid)], CommandType='Text', CommandTimeout='30']
      SELECT u.user_id, u.menu_id, u.company_id, u.profile_id
      FROM user_menu_profiles AS u
      WHERE u.user_id = @__userId_0 AND u.company_id = @__companyId_1
info: Microsoft.EntityFrameworkCore.Database.Command[20101]
      Executed DbCommand (7ms) [Parameters=[], CommandType='Text', CommandTimeout='30']
      SELECT m.id AS "Id", m.parent_menu_id AS "ParentMenuId", m.origin_module AS "OriginModule", m.code AS "Code", m.name AS "Name", m.icon AS "Icon", m.page_path AS "PagePath", m."order" AS "Order"
      FROM menus AS m
      WHERE m.is_active
info: Microsoft.EntityFrameworkCore.Database.Command[20101]
      Executed DbCommand (3ms) [Parameters=[], CommandType='Text', CommandTimeout='30']
      SELECT p.code
      FROM platform_modules AS p
info: Microsoft.EntityFrameworkCore.Database.Command[20101]
      Executed DbCommand (8ms) [Parameters=[@__organizationId_0='?' (DbType = Guid)], CommandType='Text', CommandTimeout='30']
      SELECT p.code
      FROM organization_module_visibilities AS o
      INNER JOIN platform_modules AS p ON o.module_id = p.id
      WHERE o.organization_id = @__organizationId_0 AND o.is_hidden
info: Microsoft.EntityFrameworkCore.Database.Command[20101]
      Executed DbCommand (2ms) [Parameters=[@__tokenHash_0='?'], CommandType='Text', CommandTimeout='30']
      SELECT u.id, u.company_id, u.created_at, u.ip_address, u.is_revoked, u.organization_id, u.revoked_at, u.token_hash, u.user_agent, u.user_id
      FROM user_sessions AS u
      WHERE u.token_hash = @__tokenHash_0
      LIMIT 1
info: Microsoft.EntityFrameworkCore.Database.Command[20101]
      Executed DbCommand (6ms) [Parameters=[@__tokenHash_0='?'], CommandType='Text', CommandTimeout='30']
      SELECT u.id, u.company_id, u.created_at, u.ip_address, u.is_revoked, u.organization_id, u.revoked_at, u.token_hash, u.user_agent, u.user_id
      FROM user_sessions AS u
      WHERE u.token_hash = @__tokenHash_0
      LIMIT 1
info: Microsoft.EntityFrameworkCore.Database.Command[20101]
      Executed DbCommand (29ms) [Parameters=[@p2='?' (DbType = Guid), @p0='?' (DbType = Boolean), @p1='?' (DbType = DateTime)], CommandType='Text', CommandTimeout='30']
      UPDATE user_sessions SET is_revoked = @p0, revoked_at = @p1
      WHERE id = @p2;
info: Microsoft.EntityFrameworkCore.Database.Command[20101]
      Executed DbCommand (3ms) [Parameters=[@__organizationSlug_0='?'], CommandType='Text', CommandTimeout='30']
      SELECT o.id, o.country, o.created_at, o.legal_name, o.mode, o.slug, o.status, o.tax_id
      FROM organizations AS o
      WHERE o.slug = @__organizationSlug_0
      LIMIT 1
info: Microsoft.EntityFrameworkCore.Database.Command[20101]
      Executed DbCommand (2ms) [Parameters=[@__organizationId_0='?' (DbType = Guid), @__normalizedInput_1='?', @__normalizedInput_1_1='?'], CommandType='Text', CommandTimeout='30']
      SELECT u.id, u.created_at, u.email, u.failed_login_attempts, u.has_two_factor_enabled, u.is_active, u.is_admin, u.is_email_confirmed, u.is_locked, u.last_login_at, u.organization_id, u.password_hash, u.password_salt, u.two_factor_method, u.two_factor_secret, u.username
      FROM users AS u
      WHERE u.organization_id = @__organizationId_0 AND (lower(u.username) = @__normalizedInput_1 OR lower(u.email) = @__normalizedInput_1_1)
      LIMIT 1
info: Microsoft.EntityFrameworkCore.Database.Command[20101]
      Executed DbCommand (4ms) [Parameters=[@p1='?' (DbType = Guid), @p0='?' (DbType = DateTime)], CommandType='Text', CommandTimeout='30']
      UPDATE users SET last_login_at = @p0
      WHERE id = @p1;
info: Microsoft.EntityFrameworkCore.Database.Command[20101]
      Executed DbCommand (2ms) [Parameters=[@__organizationId_0='?' (DbType = Guid)], CommandType='Text', CommandTimeout='30']
      SELECT o.id, o.activation_key, o.expires_at, o.installation_fingerprint, o.issued_at, o.organization_id, o.plan_id, o.status
      FROM on_premise_licenses AS o
      WHERE o.organization_id = @__organizationId_0
      ORDER BY o.issued_at DESC
      LIMIT 1
info: Microsoft.EntityFrameworkCore.Database.Command[20101]
      Executed DbCommand (2ms) [Parameters=[@__result_UserId_0='?' (DbType = Guid)], CommandType='Text', CommandTimeout='30']
      SELECT u.id, u.created_at, u.email, u.failed_login_attempts, u.has_two_factor_enabled, u.is_active, u.is_admin, u.is_email_confirmed, u.is_locked, u.last_login_at, u.organization_id, u.password_hash, u.password_salt, u.two_factor_method, u.two_factor_secret, u.username
      FROM users AS u
      WHERE u.id = @__result_UserId_0
      LIMIT 1
info: Microsoft.EntityFrameworkCore.Database.Command[20101]
      Executed DbCommand (7ms) [Parameters=[@p0='?' (DbType = Guid), @p1='?' (DbType = Guid), @p2='?' (DbType = DateTime), @p3='?', @p4='?' (DbType = Boolean), @p5='?' (DbType = Guid), @p6='?' (DbType = DateTime), @p7='?', @p8='?', @p9='?' (DbType = Guid)], CommandType='Text', CommandTimeout='30']
      INSERT INTO user_sessions (id, company_id, created_at, ip_address, is_revoked, organization_id, revoked_at, token_hash, user_agent, user_id)
      VALUES (@p0, @p1, @p2, @p3, @p4, @p5, @p6, @p7, @p8, @p9);
info: Microsoft.EntityFrameworkCore.Database.Command[20101]
      Executed DbCommand (2ms) [Parameters=[@__organization_Id_0='?' (DbType = Guid)], CommandType='Text', CommandTimeout='30']
      SELECT EXISTS (
          SELECT 1
          FROM companies AS c
          WHERE c.organization_id = @__organization_Id_0 AND c.is_active)
info: Microsoft.EntityFrameworkCore.Database.Command[20101]
      Executed DbCommand (3ms) [Parameters=[@__tokenHash_0='?'], CommandType='Text', CommandTimeout='30']
      SELECT u.id, u.company_id, u.created_at, u.ip_address, u.is_revoked, u.organization_id, u.revoked_at, u.token_hash, u.user_agent, u.user_id
      FROM user_sessions AS u
      WHERE u.token_hash = @__tokenHash_0
      LIMIT 1
info: Microsoft.EntityFrameworkCore.Database.Command[20101]
      Executed DbCommand (2ms) [Parameters=[@__organizationId_0='?' (DbType = Guid)], CommandType='Text', CommandTimeout='30']
      SELECT c.code, c.name, c.id::text
      FROM companies AS c
      WHERE c.organization_id = @__organizationId_0 AND c.is_active
      ORDER BY c.code
info: Microsoft.EntityFrameworkCore.Database.Command[20101]
      Executed DbCommand (2ms) [Parameters=[@__tokenHash_0='?'], CommandType='Text', CommandTimeout='30']
      SELECT u.id, u.company_id, u.created_at, u.ip_address, u.is_revoked, u.organization_id, u.revoked_at, u.token_hash, u.user_agent, u.user_id
      FROM user_sessions AS u
      WHERE u.token_hash = @__tokenHash_0
      LIMIT 1
info: Microsoft.EntityFrameworkCore.Database.Command[20101]
      Executed DbCommand (3ms) [Parameters=[@__organizationId_0='?' (DbType = Guid)], CommandType='Text', CommandTimeout='30']
      SELECT c.code, c.name, c.id::text
      FROM companies AS c
      WHERE c.organization_id = @__organizationId_0 AND c.is_active
      ORDER BY c.code
info: Microsoft.EntityFrameworkCore.Database.Command[20101]
      Executed DbCommand (4ms) [Parameters=[@__Input_CompanyId_0='?' (DbType = Guid), @__organizationId_1='?' (DbType = Guid)], CommandType='Text', CommandTimeout='30']
      SELECT c.id, c.code, c.country, c.database_name, c.instance_id, c.integration_secret_key, c.integration_username, c.is_active, c.name, c.organization_id, c.service_layer_url
      FROM companies AS c
      WHERE c.id = @__Input_CompanyId_0 AND c.organization_id = @__organizationId_1 AND c.is_active
      LIMIT 1
info: Microsoft.EntityFrameworkCore.Database.Command[20101]
      Executed DbCommand (3ms) [Parameters=[@__userId_0='?' (DbType = Guid), @__company_Id_1='?' (DbType = Guid)], CommandType='Text', CommandTimeout='30']
      SELECT EXISTS (
          SELECT 1
          FROM user_menu_groups AS u
          WHERE u.user_id = @__userId_0 AND u.company_id = @__company_Id_1)
info: Microsoft.EntityFrameworkCore.Database.Command[20101]
      Executed DbCommand (1ms) [Parameters=[@__tokenHash_0='?'], CommandType='Text', CommandTimeout='30']
      SELECT u.id, u.company_id, u.created_at, u.ip_address, u.is_revoked, u.organization_id, u.revoked_at, u.token_hash, u.user_agent, u.user_id
      FROM user_sessions AS u
      WHERE u.token_hash = @__tokenHash_0
      LIMIT 1
info: Microsoft.EntityFrameworkCore.Database.Command[20101]
      Executed DbCommand (13ms) [Parameters=[@p1='?' (DbType = Guid), @p0='?' (DbType = Guid)], CommandType='Text', CommandTimeout='30']
      UPDATE user_sessions SET company_id = @p0
      WHERE id = @p1;
info: Microsoft.EntityFrameworkCore.Database.Command[20101]
      Executed DbCommand (4ms) [Parameters=[@__tokenHash_0='?'], CommandType='Text', CommandTimeout='30']
      SELECT u.id, u.company_id, u.created_at, u.ip_address, u.is_revoked, u.organization_id, u.revoked_at, u.token_hash, u.user_agent, u.user_id
      FROM user_sessions AS u
      WHERE u.token_hash = @__tokenHash_0
      LIMIT 1
info: Microsoft.EntityFrameworkCore.Database.Command[20101]
      Executed DbCommand (2ms) [Parameters=[], CommandType='Text', CommandTimeout='30']
      SELECT m.id AS "Id", m.parent_menu_id AS "ParentMenuId", m.origin_module AS "OriginModule", m.code AS "Code", m.name AS "Name", m.icon AS "Icon", m.page_path AS "PagePath", m."order" AS "Order"
      FROM menus AS m
      WHERE m.is_active
info: Microsoft.EntityFrameworkCore.Database.Command[20101]
      Executed DbCommand (2ms) [Parameters=[], CommandType='Text', CommandTimeout='30']
      SELECT p.code
      FROM platform_modules AS p
info: Microsoft.EntityFrameworkCore.Database.Command[20101]
      Executed DbCommand (2ms) [Parameters=[@__organizationId_0='?' (DbType = Guid)], CommandType='Text', CommandTimeout='30']
      SELECT p.code
      FROM organization_module_visibilities AS o
      INNER JOIN platform_modules AS p ON o.module_id = p.id
      WHERE o.organization_id = @__organizationId_0 AND o.is_hidden
info: Microsoft.EntityFrameworkCore.Database.Command[20101]
      Executed DbCommand (5ms) [Parameters=[@__userId_0='?' (DbType = Guid), @__companyId_1='?' (DbType = Guid)], CommandType='Text', CommandTimeout='30']
      SELECT DISTINCT m0.menu_id
      FROM user_menu_groups AS u
      INNER JOIN menu_groups AS m ON u.menu_group_id = m.id
      INNER JOIN menu_group_items AS m0 ON m.id = m0.menu_group_id
      WHERE u.user_id = @__userId_0 AND u.company_id = @__companyId_1
info: Microsoft.EntityFrameworkCore.Database.Command[20101]
      Executed DbCommand (3ms) [Parameters=[@__userId_0='?' (DbType = Guid), @__companyId_1='?' (DbType = Guid)], CommandType='Text', CommandTimeout='30']
      SELECT DISTINCT u.menu_id
      FROM user_menu_profiles AS u
      WHERE u.user_id = @__userId_0 AND u.company_id = @__companyId_1
info: Microsoft.EntityFrameworkCore.Database.Command[20101]
      Executed DbCommand (2ms) [Parameters=[@__userId_0='?' (DbType = Guid)], CommandType='Text', CommandTimeout='30']
      SELECT u.menu_id
      FROM user_home_shortcuts AS u
      WHERE u.user_id = @__userId_0
      ORDER BY u."order", u.id
info: Microsoft.EntityFrameworkCore.Database.Command[20101]
      Executed DbCommand (2ms) [Parameters=[], CommandType='Text', CommandTimeout='30']
      SELECT m.id AS "Id", m.parent_menu_id AS "ParentMenuId", m.origin_module AS "OriginModule", m.code AS "Code", m.name AS "Name", m.icon AS "Icon", m.page_path AS "PagePath", m."order" AS "Order"
      FROM menus AS m
      WHERE m.is_active
info: Microsoft.EntityFrameworkCore.Database.Command[20101]
      Executed DbCommand (2ms) [Parameters=[], CommandType='Text', CommandTimeout='30']
      SELECT p.code
      FROM platform_modules AS p
info: Microsoft.EntityFrameworkCore.Database.Command[20101]
      Executed DbCommand (2ms) [Parameters=[@__organizationId_0='?' (DbType = Guid)], CommandType='Text', CommandTimeout='30']
      SELECT p.code
      FROM organization_module_visibilities AS o
      INNER JOIN platform_modules AS p ON o.module_id = p.id
      WHERE o.organization_id = @__organizationId_0 AND o.is_hidden
info: Microsoft.EntityFrameworkCore.Database.Command[20101]
      Executed DbCommand (2ms) [Parameters=[@__userId_0='?' (DbType = Guid), @__companyId_1='?' (DbType = Guid)], CommandType='Text', CommandTimeout='30']
      SELECT DISTINCT m0.menu_id
      FROM user_menu_groups AS u
      INNER JOIN menu_groups AS m ON u.menu_group_id = m.id
      INNER JOIN menu_group_items AS m0 ON m.id = m0.menu_group_id
      WHERE u.user_id = @__userId_0 AND u.company_id = @__companyId_1
info: Microsoft.EntityFrameworkCore.Database.Command[20101]
      Executed DbCommand (2ms) [Parameters=[@__userId_0='?' (DbType = Guid), @__companyId_1='?' (DbType = Guid)], CommandType='Text', CommandTimeout='30']
      SELECT DISTINCT u.menu_id
      FROM user_menu_profiles AS u
      WHERE u.user_id = @__userId_0 AND u.company_id = @__companyId_1
info: Microsoft.EntityFrameworkCore.Database.Command[20101]
      Executed DbCommand (4ms) [Parameters=[@__tokenHash_0='?'], CommandType='Text', CommandTimeout='30']
      SELECT u.id, u.company_id, u.created_at, u.ip_address, u.is_revoked, u.organization_id, u.revoked_at, u.token_hash, u.user_agent, u.user_id
      FROM user_sessions AS u
      WHERE u.token_hash = @__tokenHash_0
      LIMIT 1
info: Microsoft.EntityFrameworkCore.Database.Command[20101]
      Executed DbCommand (2ms) [Parameters=[], CommandType='Text', CommandTimeout='30']
      SELECT m.id AS "Id", m.parent_menu_id AS "ParentMenuId", m.origin_module AS "OriginModule", m.code AS "Code", m.name AS "Name", m.icon AS "Icon", m.page_path AS "PagePath", m."order" AS "Order"
      FROM menus AS m
      WHERE m.is_active
info: Microsoft.EntityFrameworkCore.Database.Command[20101]
      Executed DbCommand (2ms) [Parameters=[], CommandType='Text', CommandTimeout='30']
      SELECT p.code
      FROM platform_modules AS p
info: Microsoft.EntityFrameworkCore.Database.Command[20101]
      Executed DbCommand (3ms) [Parameters=[@__organizationId_0='?' (DbType = Guid)], CommandType='Text', CommandTimeout='30']
      SELECT p.code
      FROM organization_module_visibilities AS o
      INNER JOIN platform_modules AS p ON o.module_id = p.id
      WHERE o.organization_id = @__organizationId_0 AND o.is_hidden
info: Microsoft.EntityFrameworkCore.Database.Command[20101]
      Executed DbCommand (3ms) [Parameters=[@__userId_0='?' (DbType = Guid), @__companyId_1='?' (DbType = Guid)], CommandType='Text', CommandTimeout='30']
      SELECT DISTINCT m0.menu_id
      FROM user_menu_groups AS u
      INNER JOIN menu_groups AS m ON u.menu_group_id = m.id
      INNER JOIN menu_group_items AS m0 ON m.id = m0.menu_group_id
      WHERE u.user_id = @__userId_0 AND u.company_id = @__companyId_1
info: Microsoft.EntityFrameworkCore.Database.Command[20101]
      Executed DbCommand (2ms) [Parameters=[@__userId_0='?' (DbType = Guid), @__companyId_1='?' (DbType = Guid)], CommandType='Text', CommandTimeout='30']
      SELECT DISTINCT u.menu_id
      FROM user_menu_profiles AS u
      WHERE u.user_id = @__userId_0 AND u.company_id = @__companyId_1
info: Microsoft.EntityFrameworkCore.Database.Command[20101]
      Executed DbCommand (4ms) [Parameters=[@__userId_0='?' (DbType = Guid)], CommandType='Text', CommandTimeout='30']
      SELECT u.menu_id
      FROM user_home_shortcuts AS u
      WHERE u.user_id = @__userId_0
      ORDER BY u."order", u.id
info: Microsoft.EntityFrameworkCore.Database.Command[20101]
      Executed DbCommand (2ms) [Parameters=[], CommandType='Text', CommandTimeout='30']
      SELECT m.id AS "Id", m.parent_menu_id AS "ParentMenuId", m.origin_module AS "OriginModule", m.code AS "Code", m.name AS "Name", m.icon AS "Icon", m.page_path AS "PagePath", m."order" AS "Order"
      FROM menus AS m
      WHERE m.is_active
info: Microsoft.EntityFrameworkCore.Database.Command[20101]
      Executed DbCommand (2ms) [Parameters=[], CommandType='Text', CommandTimeout='30']
      SELECT p.code
      FROM platform_modules AS p
info: Microsoft.EntityFrameworkCore.Database.Command[20101]
      Executed DbCommand (2ms) [Parameters=[@__organizationId_0='?' (DbType = Guid)], CommandType='Text', CommandTimeout='30']
      SELECT p.code
      FROM organization_module_visibilities AS o
      INNER JOIN platform_modules AS p ON o.module_id = p.id
      WHERE o.organization_id = @__organizationId_0 AND o.is_hidden
info: Microsoft.EntityFrameworkCore.Database.Command[20101]
      Executed DbCommand (3ms) [Parameters=[@__userId_0='?' (DbType = Guid), @__companyId_1='?' (DbType = Guid)], CommandType='Text', CommandTimeout='30']
      SELECT DISTINCT m0.menu_id
      FROM user_menu_groups AS u
      INNER JOIN menu_groups AS m ON u.menu_group_id = m.id
      INNER JOIN menu_group_items AS m0 ON m.id = m0.menu_group_id
      WHERE u.user_id = @__userId_0 AND u.company_id = @__companyId_1
info: Microsoft.EntityFrameworkCore.Database.Command[20101]
      Executed DbCommand (2ms) [Parameters=[@__userId_0='?' (DbType = Guid), @__companyId_1='?' (DbType = Guid)], CommandType='Text', CommandTimeout='30']
      SELECT DISTINCT u.menu_id
      FROM user_menu_profiles AS u
      WHERE u.user_id = @__userId_0 AND u.company_id = @__companyId_1
info: Microsoft.EntityFrameworkCore.Database.Command[20101]
      Executed DbCommand (5ms) [Parameters=[@__tokenHash_0='?'], CommandType='Text', CommandTimeout='30']
      SELECT u.id, u.company_id, u.created_at, u.ip_address, u.is_revoked, u.organization_id, u.revoked_at, u.token_hash, u.user_agent, u.user_id
      FROM user_sessions AS u
      WHERE u.token_hash = @__tokenHash_0
      LIMIT 1
info: Microsoft.EntityFrameworkCore.Database.Command[20101]
      Executed DbCommand (2ms) [Parameters=[], CommandType='Text', CommandTimeout='30']
      SELECT m.id AS "Id", m.parent_menu_id AS "ParentMenuId", m.origin_module AS "OriginModule", m.code AS "Code", m.name AS "Name", m.icon AS "Icon", m.page_path AS "PagePath", m."order" AS "Order"
      FROM menus AS m
      WHERE m.is_active
info: Microsoft.EntityFrameworkCore.Database.Command[20101]
      Executed DbCommand (2ms) [Parameters=[], CommandType='Text', CommandTimeout='30']
      SELECT p.code
      FROM platform_modules AS p
info: Microsoft.EntityFrameworkCore.Database.Command[20101]
      Executed DbCommand (2ms) [Parameters=[@__organizationId_0='?' (DbType = Guid)], CommandType='Text', CommandTimeout='30']
      SELECT p.code
      FROM organization_module_visibilities AS o
      INNER JOIN platform_modules AS p ON o.module_id = p.id
      WHERE o.organization_id = @__organizationId_0 AND o.is_hidden
info: Microsoft.EntityFrameworkCore.Database.Command[20101]
      Executed DbCommand (2ms) [Parameters=[@__userId_0='?' (DbType = Guid), @__companyId_1='?' (DbType = Guid)], CommandType='Text', CommandTimeout='30']
      SELECT DISTINCT m0.menu_id
      FROM user_menu_groups AS u
      INNER JOIN menu_groups AS m ON u.menu_group_id = m.id
      INNER JOIN menu_group_items AS m0 ON m.id = m0.menu_group_id
      WHERE u.user_id = @__userId_0 AND u.company_id = @__companyId_1
info: Microsoft.EntityFrameworkCore.Database.Command[20101]
      Executed DbCommand (4ms) [Parameters=[@__userId_0='?' (DbType = Guid), @__companyId_1='?' (DbType = Guid)], CommandType='Text', CommandTimeout='30']
      SELECT DISTINCT u.menu_id
      FROM user_menu_profiles AS u
      WHERE u.user_id = @__userId_0 AND u.company_id = @__companyId_1
info: Microsoft.EntityFrameworkCore.Database.Command[20101]
      Executed DbCommand (2ms) [Parameters=[@__userId_0='?' (DbType = Guid)], CommandType='Text', CommandTimeout='30']
      SELECT u.menu_id
      FROM user_home_shortcuts AS u
      WHERE u.user_id = @__userId_0
      ORDER BY u."order", u.id
info: Microsoft.EntityFrameworkCore.Database.Command[20101]
      Executed DbCommand (2ms) [Parameters=[], CommandType='Text', CommandTimeout='30']
      SELECT m.id AS "Id", m.parent_menu_id AS "ParentMenuId", m.origin_module AS "OriginModule", m.code AS "Code", m.name AS "Name", m.icon AS "Icon", m.page_path AS "PagePath", m."order" AS "Order"
      FROM menus AS m
      WHERE m.is_active
info: Microsoft.EntityFrameworkCore.Database.Command[20101]
      Executed DbCommand (1ms) [Parameters=[], CommandType='Text', CommandTimeout='30']
      SELECT p.code
      FROM platform_modules AS p
info: Microsoft.EntityFrameworkCore.Database.Command[20101]
      Executed DbCommand (2ms) [Parameters=[@__organizationId_0='?' (DbType = Guid)], CommandType='Text', CommandTimeout='30']
      SELECT p.code
      FROM organization_module_visibilities AS o
      INNER JOIN platform_modules AS p ON o.module_id = p.id
      WHERE o.organization_id = @__organizationId_0 AND o.is_hidden
info: Microsoft.EntityFrameworkCore.Database.Command[20101]
      Executed DbCommand (3ms) [Parameters=[@__userId_0='?' (DbType = Guid), @__companyId_1='?' (DbType = Guid)], CommandType='Text', CommandTimeout='30']
      SELECT DISTINCT m0.menu_id
      FROM user_menu_groups AS u
      INNER JOIN menu_groups AS m ON u.menu_group_id = m.id
      INNER JOIN menu_group_items AS m0 ON m.id = m0.menu_group_id
      WHERE u.user_id = @__userId_0 AND u.company_id = @__companyId_1
info: Microsoft.EntityFrameworkCore.Database.Command[20101]
      Executed DbCommand (3ms) [Parameters=[@__userId_0='?' (DbType = Guid), @__companyId_1='?' (DbType = Guid)], CommandType='Text', CommandTimeout='30']
      SELECT DISTINCT u.menu_id
      FROM user_menu_profiles AS u
      WHERE u.user_id = @__userId_0 AND u.company_id = @__companyId_1
info: Microsoft.EntityFrameworkCore.Database.Command[20101]
      Executed DbCommand (125ms) [Parameters=[@__tokenHash_0='?'], CommandType='Text', CommandTimeout='30']
      SELECT u.id, u.company_id, u.created_at, u.ip_address, u.is_revoked, u.organization_id, u.revoked_at, u.token_hash, u.user_agent, u.user_id
      FROM user_sessions AS u
      WHERE u.token_hash = @__tokenHash_0
      LIMIT 1
info: Microsoft.EntityFrameworkCore.Database.Command[20101]
      Executed DbCommand (31ms) [Parameters=[], CommandType='Text', CommandTimeout='30']
      SELECT m.id AS "Id", m.parent_menu_id AS "ParentMenuId", m.origin_module AS "OriginModule", m.code AS "Code", m.name AS "Name", m.icon AS "Icon", m.page_path AS "PagePath", m."order" AS "Order"
      FROM menus AS m
      WHERE m.is_active
info: Microsoft.EntityFrameworkCore.Database.Command[20101]
      Executed DbCommand (3ms) [Parameters=[], CommandType='Text', CommandTimeout='30']
      SELECT p.code
      FROM platform_modules AS p
info: Microsoft.EntityFrameworkCore.Database.Command[20101]
      Executed DbCommand (36ms) [Parameters=[@__organizationId_0='?' (DbType = Guid)], CommandType='Text', CommandTimeout='30']
      SELECT p.code
      FROM organization_module_visibilities AS o
      INNER JOIN platform_modules AS p ON o.module_id = p.id
      WHERE o.organization_id = @__organizationId_0 AND o.is_hidden
info: Microsoft.EntityFrameworkCore.Database.Command[20101]
      Executed DbCommand (6ms) [Parameters=[@__userId_0='?' (DbType = Guid), @__companyId_1='?' (DbType = Guid)], CommandType='Text', CommandTimeout='30']
      SELECT DISTINCT m0.menu_id
      FROM user_menu_groups AS u
      INNER JOIN menu_groups AS m ON u.menu_group_id = m.id
      INNER JOIN menu_group_items AS m0 ON m.id = m0.menu_group_id
      WHERE u.user_id = @__userId_0 AND u.company_id = @__companyId_1
info: Microsoft.EntityFrameworkCore.Database.Command[20101]
      Executed DbCommand (62ms) [Parameters=[@__userId_0='?' (DbType = Guid), @__companyId_1='?' (DbType = Guid)], CommandType='Text', CommandTimeout='30']
      SELECT DISTINCT u.menu_id
      FROM user_menu_profiles AS u
      WHERE u.user_id = @__userId_0 AND u.company_id = @__companyId_1
info: Microsoft.EntityFrameworkCore.Database.Command[20101]
      Executed DbCommand (10ms) [Parameters=[@__userId_0='?' (DbType = Guid)], CommandType='Text', CommandTimeout='30']
      SELECT u.menu_id
      FROM user_home_shortcuts AS u
      WHERE u.user_id = @__userId_0
      ORDER BY u."order", u.id
info: Microsoft.EntityFrameworkCore.Database.Command[20101]
      Executed DbCommand (98ms) [Parameters=[], CommandType='Text', CommandTimeout='30']
      SELECT m.id AS "Id", m.parent_menu_id AS "ParentMenuId", m.origin_module AS "OriginModule", m.code AS "Code", m.name AS "Name", m.icon AS "Icon", m.page_path AS "PagePath", m."order" AS "Order"
      FROM menus AS m
      WHERE m.is_active
info: Microsoft.EntityFrameworkCore.Database.Command[20101]
      Executed DbCommand (81ms) [Parameters=[], CommandType='Text', CommandTimeout='30']
      SELECT p.code
      FROM platform_modules AS p
info: Microsoft.EntityFrameworkCore.Database.Command[20101]
      Executed DbCommand (12ms) [Parameters=[@__organizationId_0='?' (DbType = Guid)], CommandType='Text', CommandTimeout='30']
      SELECT p.code
      FROM organization_module_visibilities AS o
      INNER JOIN platform_modules AS p ON o.module_id = p.id
      WHERE o.organization_id = @__organizationId_0 AND o.is_hidden
info: Microsoft.EntityFrameworkCore.Database.Command[20101]
      Executed DbCommand (49ms) [Parameters=[@__userId_0='?' (DbType = Guid), @__companyId_1='?' (DbType = Guid)], CommandType='Text', CommandTimeout='30']
      SELECT DISTINCT m0.menu_id
      FROM user_menu_groups AS u
      INNER JOIN menu_groups AS m ON u.menu_group_id = m.id
      INNER JOIN menu_group_items AS m0 ON m.id = m0.menu_group_id
      WHERE u.user_id = @__userId_0 AND u.company_id = @__companyId_1
info: Microsoft.EntityFrameworkCore.Database.Command[20101]
      Executed DbCommand (9ms) [Parameters=[@__userId_0='?' (DbType = Guid), @__companyId_1='?' (DbType = Guid)], CommandType='Text', CommandTimeout='30']
      SELECT DISTINCT u.menu_id
      FROM user_menu_profiles AS u
      WHERE u.user_id = @__userId_0 AND u.company_id = @__companyId_1
info: Microsoft.EntityFrameworkCore.Database.Command[20101]
      Executed DbCommand (2ms) [Parameters=[@__tokenHash_0='?'], CommandType='Text', CommandTimeout='30']
      SELECT u.id, u.company_id, u.created_at, u.ip_address, u.is_revoked, u.organization_id, u.revoked_at, u.token_hash, u.user_agent, u.user_id
      FROM user_sessions AS u
      WHERE u.token_hash = @__tokenHash_0
      LIMIT 1
info: Microsoft.EntityFrameworkCore.Database.Command[20101]
      Executed DbCommand (3ms) [Parameters=[@__tokenHash_0='?'], CommandType='Text', CommandTimeout='30']
      SELECT u.id, u.company_id, u.created_at, u.ip_address, u.is_revoked, u.organization_id, u.revoked_at, u.token_hash, u.user_agent, u.user_id
      FROM user_sessions AS u
      WHERE u.token_hash = @__tokenHash_0
      LIMIT 1
info: Microsoft.EntityFrameworkCore.Database.Command[20101]
      Executed DbCommand (5ms) [Parameters=[@p2='?' (DbType = Guid), @p0='?' (DbType = Boolean), @p1='?' (DbType = DateTime)], CommandType='Text', CommandTimeout='30']
      UPDATE user_sessions SET is_revoked = @p0, revoked_at = @p1
      WHERE id = @p2;
info: Microsoft.EntityFrameworkCore.Database.Command[20101]
      Executed DbCommand (2ms) [Parameters=[@__organizationSlug_0='?'], CommandType='Text', CommandTimeout='30']
      SELECT o.id, o.country, o.created_at, o.legal_name, o.mode, o.slug, o.status, o.tax_id
      FROM organizations AS o
      WHERE o.slug = @__organizationSlug_0
      LIMIT 1
info: Microsoft.EntityFrameworkCore.Database.Command[20101]
      Executed DbCommand (2ms) [Parameters=[@__organizationId_0='?' (DbType = Guid), @__normalizedInput_1='?', @__normalizedInput_1_1='?'], CommandType='Text', CommandTimeout='30']
      SELECT u.id, u.created_at, u.email, u.failed_login_attempts, u.has_two_factor_enabled, u.is_active, u.is_admin, u.is_email_confirmed, u.is_locked, u.last_login_at, u.organization_id, u.password_hash, u.password_salt, u.two_factor_method, u.two_factor_secret, u.username
      FROM users AS u
      WHERE u.organization_id = @__organizationId_0 AND (lower(u.username) = @__normalizedInput_1 OR lower(u.email) = @__normalizedInput_1_1)
      LIMIT 1
info: Microsoft.EntityFrameworkCore.Database.Command[20101]
      Executed DbCommand (6ms) [Parameters=[@p1='?' (DbType = Guid), @p0='?' (DbType = DateTime)], CommandType='Text', CommandTimeout='30']
      UPDATE users SET last_login_at = @p0
      WHERE id = @p1;
info: Microsoft.EntityFrameworkCore.Database.Command[20101]
      Executed DbCommand (2ms) [Parameters=[@__organizationId_0='?' (DbType = Guid)], CommandType='Text', CommandTimeout='30']
      SELECT o.id, o.activation_key, o.expires_at, o.installation_fingerprint, o.issued_at, o.organization_id, o.plan_id, o.status
      FROM on_premise_licenses AS o
      WHERE o.organization_id = @__organizationId_0
      ORDER BY o.issued_at DESC
      LIMIT 1
info: Microsoft.EntityFrameworkCore.Database.Command[20101]
      Executed DbCommand (2ms) [Parameters=[@__result_UserId_0='?' (DbType = Guid)], CommandType='Text', CommandTimeout='30']
      SELECT u.id, u.created_at, u.email, u.failed_login_attempts, u.has_two_factor_enabled, u.is_active, u.is_admin, u.is_email_confirmed, u.is_locked, u.last_login_at, u.organization_id, u.password_hash, u.password_salt, u.two_factor_method, u.two_factor_secret, u.username
      FROM users AS u
      WHERE u.id = @__result_UserId_0
      LIMIT 1
info: Microsoft.EntityFrameworkCore.Database.Command[20101]
      Executed DbCommand (6ms) [Parameters=[@p0='?' (DbType = Guid), @p1='?' (DbType = Guid), @p2='?' (DbType = DateTime), @p3='?', @p4='?' (DbType = Boolean), @p5='?' (DbType = Guid), @p6='?' (DbType = DateTime), @p7='?', @p8='?', @p9='?' (DbType = Guid)], CommandType='Text', CommandTimeout='30']
      INSERT INTO user_sessions (id, company_id, created_at, ip_address, is_revoked, organization_id, revoked_at, token_hash, user_agent, user_id)
      VALUES (@p0, @p1, @p2, @p3, @p4, @p5, @p6, @p7, @p8, @p9);
info: Microsoft.EntityFrameworkCore.Database.Command[20101]
      Executed DbCommand (5ms) [Parameters=[@__organization_Id_0='?' (DbType = Guid)], CommandType='Text', CommandTimeout='30']
      SELECT EXISTS (
          SELECT 1
          FROM companies AS c
          WHERE c.organization_id = @__organization_Id_0 AND c.is_active)
info: Microsoft.EntityFrameworkCore.Database.Command[20101]
      Executed DbCommand (2ms) [Parameters=[@__tokenHash_0='?'], CommandType='Text', CommandTimeout='30']
      SELECT u.id, u.company_id, u.created_at, u.ip_address, u.is_revoked, u.organization_id, u.revoked_at, u.token_hash, u.user_agent, u.user_id
      FROM user_sessions AS u
      WHERE u.token_hash = @__tokenHash_0
      LIMIT 1
info: Microsoft.EntityFrameworkCore.Database.Command[20101]
      Executed DbCommand (2ms) [Parameters=[@__organizationId_0='?' (DbType = Guid)], CommandType='Text', CommandTimeout='30']
      SELECT c.code, c.name, c.id::text
      FROM companies AS c
      WHERE c.organization_id = @__organizationId_0 AND c.is_active
      ORDER BY c.code
info: Microsoft.EntityFrameworkCore.Database.Command[20101]
      Executed DbCommand (2ms) [Parameters=[@__tokenHash_0='?'], CommandType='Text', CommandTimeout='30']
      SELECT u.id, u.company_id, u.created_at, u.ip_address, u.is_revoked, u.organization_id, u.revoked_at, u.token_hash, u.user_agent, u.user_id
      FROM user_sessions AS u
      WHERE u.token_hash = @__tokenHash_0
      LIMIT 1
info: Microsoft.EntityFrameworkCore.Database.Command[20101]
      Executed DbCommand (3ms) [Parameters=[@__organizationId_0='?' (DbType = Guid)], CommandType='Text', CommandTimeout='30']
      SELECT c.code, c.name, c.id::text
      FROM companies AS c
      WHERE c.organization_id = @__organizationId_0 AND c.is_active
      ORDER BY c.code
info: Microsoft.EntityFrameworkCore.Database.Command[20101]
      Executed DbCommand (3ms) [Parameters=[@__Input_CompanyId_0='?' (DbType = Guid), @__organizationId_1='?' (DbType = Guid)], CommandType='Text', CommandTimeout='30']
      SELECT c.id, c.code, c.country, c.database_name, c.instance_id, c.integration_secret_key, c.integration_username, c.is_active, c.name, c.organization_id, c.service_layer_url
      FROM companies AS c
      WHERE c.id = @__Input_CompanyId_0 AND c.organization_id = @__organizationId_1 AND c.is_active
      LIMIT 1
info: Microsoft.EntityFrameworkCore.Database.Command[20101]
      Executed DbCommand (4ms) [Parameters=[@__tokenHash_0='?'], CommandType='Text', CommandTimeout='30']
      SELECT u.id, u.company_id, u.created_at, u.ip_address, u.is_revoked, u.organization_id, u.revoked_at, u.token_hash, u.user_agent, u.user_id
      FROM user_sessions AS u
      WHERE u.token_hash = @__tokenHash_0
      LIMIT 1
info: Microsoft.EntityFrameworkCore.Database.Command[20101]
      Executed DbCommand (30ms) [Parameters=[@p1='?' (DbType = Guid), @p0='?' (DbType = Guid)], CommandType='Text', CommandTimeout='30']
      UPDATE user_sessions SET company_id = @p0
      WHERE id = @p1;
info: Microsoft.EntityFrameworkCore.Database.Command[20101]
      Executed DbCommand (4ms) [Parameters=[@__tokenHash_0='?'], CommandType='Text', CommandTimeout='30']
      SELECT u.id, u.company_id, u.created_at, u.ip_address, u.is_revoked, u.organization_id, u.revoked_at, u.token_hash, u.user_agent, u.user_id
      FROM user_sessions AS u
      WHERE u.token_hash = @__tokenHash_0
      LIMIT 1
info: Microsoft.EntityFrameworkCore.Database.Command[20101]
      Executed DbCommand (2ms) [Parameters=[], CommandType='Text', CommandTimeout='30']
      SELECT m.id AS "Id", m.parent_menu_id AS "ParentMenuId", m.origin_module AS "OriginModule", m.code AS "Code", m.name AS "Name", m.icon AS "Icon", m.page_path AS "PagePath", m."order" AS "Order"
      FROM menus AS m
      WHERE m.is_active
info: Microsoft.EntityFrameworkCore.Database.Command[20101]
      Executed DbCommand (2ms) [Parameters=[], CommandType='Text', CommandTimeout='30']
      SELECT p.code
      FROM platform_modules AS p
info: Microsoft.EntityFrameworkCore.Database.Command[20101]
      Executed DbCommand (2ms) [Parameters=[@__organizationId_0='?' (DbType = Guid)], CommandType='Text', CommandTimeout='30']
      SELECT p.code
      FROM organization_module_visibilities AS o
      INNER JOIN platform_modules AS p ON o.module_id = p.id
      WHERE o.organization_id = @__organizationId_0 AND o.is_hidden
info: Microsoft.EntityFrameworkCore.Database.Command[20101]
      Executed DbCommand (2ms) [Parameters=[@__userId_0='?' (DbType = Guid)], CommandType='Text', CommandTimeout='30']
      SELECT u.menu_id
      FROM user_home_shortcuts AS u
      WHERE u.user_id = @__userId_0
      ORDER BY u."order", u.id
info: Microsoft.EntityFrameworkCore.Database.Command[20101]
      Executed DbCommand (4ms) [Parameters=[], CommandType='Text', CommandTimeout='30']
      SELECT m.id AS "Id", m.parent_menu_id AS "ParentMenuId", m.origin_module AS "OriginModule", m.code AS "Code", m.name AS "Name", m.icon AS "Icon", m.page_path AS "PagePath", m."order" AS "Order"
      FROM menus AS m
      WHERE m.is_active
info: Microsoft.EntityFrameworkCore.Database.Command[20101]
      Executed DbCommand (3ms) [Parameters=[], CommandType='Text', CommandTimeout='30']
      SELECT p.code
      FROM platform_modules AS p
info: Microsoft.EntityFrameworkCore.Database.Command[20101]
      Executed DbCommand (3ms) [Parameters=[@__organizationId_0='?' (DbType = Guid)], CommandType='Text', CommandTimeout='30']
      SELECT p.code
      FROM organization_module_visibilities AS o
      INNER JOIN platform_modules AS p ON o.module_id = p.id
      WHERE o.organization_id = @__organizationId_0 AND o.is_hidden
info: Microsoft.EntityFrameworkCore.Database.Command[20101]
      Executed DbCommand (3ms) [Parameters=[@__tokenHash_0='?'], CommandType='Text', CommandTimeout='30']
      SELECT u.id, u.company_id, u.created_at, u.ip_address, u.is_revoked, u.organization_id, u.revoked_at, u.token_hash, u.user_agent, u.user_id
      FROM user_sessions AS u
      WHERE u.token_hash = @__tokenHash_0
      LIMIT 1
info: Microsoft.EntityFrameworkCore.Database.Command[20101]
      Executed DbCommand (2ms) [Parameters=[@___currentUser_OrganizationId_0='?' (DbType = Guid)], CommandType='Text', CommandTimeout='30']
      SELECT u.id AS "Id", u.username AS "Username", u.email AS "Email", u.is_admin AS "IsAdmin", u.is_active AS "IsActive", u.is_locked AS "IsLocked", u.last_login_at AS "LastLoginAt"
      FROM users AS u
      WHERE u.organization_id = @___currentUser_OrganizationId_0
      ORDER BY u.username
info: Microsoft.EntityFrameworkCore.Database.Command[20101]
      Executed DbCommand (4ms) [Parameters=[], CommandType='Text', CommandTimeout='30']
      SELECT m.id AS "Id", m.parent_menu_id AS "ParentMenuId", m.origin_module AS "OriginModule", m.code AS "Code", m.name AS "Name", m.icon AS "Icon", m.page_path AS "PagePath", m."order" AS "Order"
      FROM menus AS m
      WHERE m.is_active
info: Microsoft.EntityFrameworkCore.Database.Command[20101]
      Executed DbCommand (2ms) [Parameters=[], CommandType='Text', CommandTimeout='30']
      SELECT p.code
      FROM platform_modules AS p
info: Microsoft.EntityFrameworkCore.Database.Command[20101]
      Executed DbCommand (2ms) [Parameters=[@__organizationId_0='?' (DbType = Guid)], CommandType='Text', CommandTimeout='30']
      SELECT p.code
      FROM organization_module_visibilities AS o
      INNER JOIN platform_modules AS p ON o.module_id = p.id
      WHERE o.organization_id = @__organizationId_0 AND o.is_hidden
info: Microsoft.EntityFrameworkCore.Database.Command[20101]
      Executed DbCommand (5ms) [Parameters=[@__tokenHash_0='?'], CommandType='Text', CommandTimeout='30']
      SELECT u.id, u.company_id, u.created_at, u.ip_address, u.is_revoked, u.organization_id, u.revoked_at, u.token_hash, u.user_agent, u.user_id
      FROM user_sessions AS u
      WHERE u.token_hash = @__tokenHash_0
      LIMIT 1
info: Microsoft.EntityFrameworkCore.Database.Command[20101]
      Executed DbCommand (6ms) [Parameters=[@__userId_0='?' (DbType = Guid), @___currentUser_OrganizationId_1='?' (DbType = Guid)], CommandType='Text', CommandTimeout='30']
      SELECT u.id, u.created_at, u.email, u.failed_login_attempts, u.has_two_factor_enabled, u.is_active, u.is_admin, u.is_email_confirmed, u.is_locked, u.last_login_at, u.organization_id, u.password_hash, u.password_salt, u.two_factor_method, u.two_factor_secret, u.username
      FROM users AS u
      WHERE u.id = @__userId_0 AND u.organization_id = @___currentUser_OrganizationId_1
      LIMIT 1
info: Microsoft.EntityFrameworkCore.Database.Command[20101]
      Executed DbCommand (5ms) [Parameters=[@___currentUser_OrganizationId_0='?' (DbType = Guid)], CommandType='Text', CommandTimeout='30']
      SELECT c.id AS "Id", c.code AS "Code", c.name AS "Name"
      FROM companies AS c
      WHERE c.organization_id = @___currentUser_OrganizationId_0
      ORDER BY c.code
info: Microsoft.EntityFrameworkCore.Database.Command[20101]
      Executed DbCommand (3ms) [Parameters=[@__organizationId_0='?' (DbType = Guid)], CommandType='Text', CommandTimeout='30']
      SELECT m.id AS "Id", m.name AS "Name"
      FROM menu_groups AS m
      WHERE m.is_active AND (m.organization_id IS NULL OR m.organization_id = @__organizationId_0)
      ORDER BY m.name
info: Microsoft.EntityFrameworkCore.Database.Command[20101]
      Executed DbCommand (3ms) [Parameters=[], CommandType='Text', CommandTimeout='30']
      SELECT m.id AS "Id", m.origin_module AS "OriginModule", m.code AS "Code", m.name AS "Name"
      FROM menus AS m
      WHERE m.page_path IS NOT NULL
      ORDER BY m.origin_module, m."order"
info: Microsoft.EntityFrameworkCore.Database.Command[20101]
      Executed DbCommand (1ms) [Parameters=[@__organizationId_0='?' (DbType = Guid)], CommandType='Text', CommandTimeout='30']
      SELECT p.id AS "Id", p.name AS "Name"
      FROM profiles AS p
      WHERE p.organization_id IS NULL OR p.organization_id = @__organizationId_0
      ORDER BY p.name
info: Microsoft.EntityFrameworkCore.Database.Command[20101]
      Executed DbCommand (1ms) [Parameters=[@__userId_0='?' (DbType = Guid), @___currentUser_OrganizationId_1='?' (DbType = Guid)], CommandType='Text', CommandTimeout='30']
      SELECT EXISTS (
          SELECT 1
          FROM users AS u
          WHERE u.id = @__userId_0 AND u.organization_id = @___currentUser_OrganizationId_1)
info: Microsoft.EntityFrameworkCore.Database.Command[20101]
      Executed DbCommand (1ms) [Parameters=[@__companyId_0='?' (DbType = Guid), @___currentUser_OrganizationId_1='?' (DbType = Guid)], CommandType='Text', CommandTimeout='30']
      SELECT EXISTS (
          SELECT 1
          FROM companies AS c
          WHERE c.id = @__companyId_0 AND c.organization_id = @___currentUser_OrganizationId_1)
info: Microsoft.EntityFrameworkCore.Database.Command[20101]
      Executed DbCommand (1ms) [Parameters=[@__userId_0='?' (DbType = Guid), @__companyId_1='?' (DbType = Guid)], CommandType='Text', CommandTimeout='30']
      SELECT u.menu_group_id
      FROM user_menu_groups AS u
      WHERE u.user_id = @__userId_0 AND u.company_id = @__companyId_1
info: Microsoft.EntityFrameworkCore.Database.Command[20101]
      Executed DbCommand (2ms) [Parameters=[@__userId_0='?' (DbType = Guid), @__companyId_1='?' (DbType = Guid)], CommandType='Text', CommandTimeout='30']
      SELECT u.user_id, u.menu_id, u.company_id, u.profile_id
      FROM user_menu_profiles AS u
      WHERE u.user_id = @__userId_0 AND u.company_id = @__companyId_1
info: Microsoft.EntityFrameworkCore.Database.Command[20101]
      Executed DbCommand (2ms) [Parameters=[], CommandType='Text', CommandTimeout='30']
      SELECT m.id AS "Id", m.parent_menu_id AS "ParentMenuId", m.origin_module AS "OriginModule", m.code AS "Code", m.name AS "Name", m.icon AS "Icon", m.page_path AS "PagePath", m."order" AS "Order"
      FROM menus AS m
      WHERE m.is_active
info: Microsoft.EntityFrameworkCore.Database.Command[20101]
      Executed DbCommand (2ms) [Parameters=[], CommandType='Text', CommandTimeout='30']
      SELECT p.code
      FROM platform_modules AS p
info: Microsoft.EntityFrameworkCore.Database.Command[20101]
      Executed DbCommand (2ms) [Parameters=[@__organizationId_0='?' (DbType = Guid)], CommandType='Text', CommandTimeout='30']
      SELECT p.code
      FROM organization_module_visibilities AS o
      INNER JOIN platform_modules AS p ON o.module_id = p.id
      WHERE o.organization_id = @__organizationId_0 AND o.is_hidden
info: Microsoft.EntityFrameworkCore.Database.Command[20101]
      Executed DbCommand (7ms) [Parameters=[@__tokenHash_0='?'], CommandType='Text', CommandTimeout='30']
      SELECT u.id, u.company_id, u.created_at, u.ip_address, u.is_revoked, u.organization_id, u.revoked_at, u.token_hash, u.user_agent, u.user_id
      FROM user_sessions AS u
      WHERE u.token_hash = @__tokenHash_0
      LIMIT 1
info: Microsoft.EntityFrameworkCore.Database.Command[20101]
      Executed DbCommand (2ms) [Parameters=[@___currentUser_OrganizationId_0='?' (DbType = Guid)], CommandType='Text', CommandTimeout='30']
      SELECT u.id AS "Id", u.username AS "Username", u.email AS "Email", u.is_admin AS "IsAdmin", u.is_active AS "IsActive", u.is_locked AS "IsLocked", u.last_login_at AS "LastLoginAt"
      FROM users AS u
      WHERE u.organization_id = @___currentUser_OrganizationId_0
      ORDER BY u.username
info: Microsoft.EntityFrameworkCore.Database.Command[20101]
      Executed DbCommand (4ms) [Parameters=[], CommandType='Text', CommandTimeout='30']
      SELECT m.id AS "Id", m.parent_menu_id AS "ParentMenuId", m.origin_module AS "OriginModule", m.code AS "Code", m.name AS "Name", m.icon AS "Icon", m.page_path AS "PagePath", m."order" AS "Order"
      FROM menus AS m
      WHERE m.is_active
info: Microsoft.EntityFrameworkCore.Database.Command[20101]
      Executed DbCommand (2ms) [Parameters=[], CommandType='Text', CommandTimeout='30']
      SELECT p.code
      FROM platform_modules AS p
info: Microsoft.EntityFrameworkCore.Database.Command[20101]
      Executed DbCommand (2ms) [Parameters=[@__organizationId_0='?' (DbType = Guid)], CommandType='Text', CommandTimeout='30']
      SELECT p.code
      FROM organization_module_visibilities AS o
      INNER JOIN platform_modules AS p ON o.module_id = p.id
      WHERE o.organization_id = @__organizationId_0 AND o.is_hidden
info: Microsoft.EntityFrameworkCore.Database.Command[20101]
      Executed DbCommand (3ms) [Parameters=[@__tokenHash_0='?'], CommandType='Text', CommandTimeout='30']
      SELECT u.id, u.company_id, u.created_at, u.ip_address, u.is_revoked, u.organization_id, u.revoked_at, u.token_hash, u.user_agent, u.user_id
      FROM user_sessions AS u
      WHERE u.token_hash = @__tokenHash_0
      LIMIT 1
info: Microsoft.EntityFrameworkCore.Database.Command[20101]
      Executed DbCommand (2ms) [Parameters=[], CommandType='Text', CommandTimeout='30']
      SELECT p.code
      FROM platform_modules AS p
      WHERE p.is_core
info: Microsoft.EntityFrameworkCore.Database.Command[20101]
      Executed DbCommand (2ms) [Parameters=[@__get_Item_0='?' (DbType = Guid)], CommandType='Text', CommandTimeout='30']
      SELECT o.id, o.country, o.created_at, o.legal_name, o.mode, o.slug, o.status, o.tax_id
      FROM organizations AS o
      WHERE o.id = @__get_Item_0
      LIMIT 1
info: Microsoft.EntityFrameworkCore.Database.Command[20101]
      Executed DbCommand (3ms) [Parameters=[@__8__locals1_organizationId_0='?' (DbType = Guid), @__now_1='?' (DbType = DateTime)], CommandType='Text', CommandTimeout='30']
      SELECT o.id, o.activation_key, o.expires_at, o.installation_fingerprint, o.issued_at, o.organization_id, o.plan_id, o.status
      FROM on_premise_licenses AS o
      WHERE o.organization_id = @__8__locals1_organizationId_0 AND o.status = 'active' AND o.expires_at > @__now_1
      ORDER BY o.expires_at DESC
      LIMIT 1
info: Microsoft.EntityFrameworkCore.Database.Command[20101]
      Executed DbCommand (3ms) [Parameters=[@__planId_0='?' (DbType = Int64)], CommandType='Text', CommandTimeout='30']
      SELECT p0.code
      FROM plan_modules AS p
      INNER JOIN platform_modules AS p0 ON p.module_id = p0.id
      WHERE p.plan_id = @__planId_0
info: Microsoft.EntityFrameworkCore.Database.Command[20101]
      Executed DbCommand (2ms) [Parameters=[@__organizationId_0='?' (DbType = Guid)], CommandType='Text', CommandTimeout='30']
      SELECT p.code
      FROM organization_modules AS o
      INNER JOIN platform_modules AS p ON o.module_id = p.id
      WHERE o.organization_id = @__organizationId_0
info: Microsoft.EntityFrameworkCore.Database.Command[20101]
      Executed DbCommand (1ms) [Parameters=[@__organizationId_0='?' (DbType = Guid)], CommandType='Text', CommandTimeout='30']
      SELECT p.code
      FROM platform_modules AS p
      WHERE p.exclusive_organization_id IS NOT NULL AND p.exclusive_organization_id <> @__organizationId_0
info: Microsoft.EntityFrameworkCore.Database.Command[20101]
      Executed DbCommand (3ms) [Parameters=[], CommandType='Text', CommandTimeout='30']
      SELECT m.id AS "Id", m.parent_menu_id AS "ParentMenuId", m.origin_module AS "OriginModule", m.code AS "Code", m.name AS "Name", m.icon AS "Icon", m.page_path AS "PagePath", m."order" AS "Order"
      FROM menus AS m
      WHERE m.is_active
info: Microsoft.EntityFrameworkCore.Database.Command[20101]
      Executed DbCommand (3ms) [Parameters=[], CommandType='Text', CommandTimeout='30']
      SELECT p.code
      FROM platform_modules AS p
info: Microsoft.EntityFrameworkCore.Database.Command[20101]
      Executed DbCommand (2ms) [Parameters=[@__organizationId_0='?' (DbType = Guid)], CommandType='Text', CommandTimeout='30']
      SELECT p.code
      FROM organization_module_visibilities AS o
      INNER JOIN platform_modules AS p ON o.module_id = p.id
      WHERE o.organization_id = @__organizationId_0 AND o.is_hidden
info: Microsoft.EntityFrameworkCore.Database.Command[20101]
      Executed DbCommand (2ms) [Parameters=[@__tokenHash_0='?'], CommandType='Text', CommandTimeout='30']
      SELECT u.id, u.company_id, u.created_at, u.ip_address, u.is_revoked, u.organization_id, u.revoked_at, u.token_hash, u.user_agent, u.user_id
      FROM user_sessions AS u
      WHERE u.token_hash = @__tokenHash_0
      LIMIT 1
info: Microsoft.EntityFrameworkCore.Database.Command[20101]
      Executed DbCommand (2ms) [Parameters=[@__organizationId_0='?' (DbType = Guid)], CommandType='Text', CommandTimeout='30']
      SELECT m.id, m.company_id, m.description, m.is_active, m.name, m.organization_id, m0.menu_group_id, m0.menu_id
      FROM menu_groups AS m
      LEFT JOIN menu_group_items AS m0 ON m.id = m0.menu_group_id
      WHERE m.organization_id IS NULL OR m.organization_id = @__organizationId_0
      ORDER BY m.name, m.id, m0.menu_group_id
info: Microsoft.EntityFrameworkCore.Database.Command[20101]
      Executed DbCommand (2ms) [Parameters=[@___currentUser_OrganizationId_0='?' (DbType = Guid)], CommandType='Text', CommandTimeout='30']
      SELECT c.id AS "Id", c.code AS "Code", c.name AS "Name"
      FROM companies AS c
      WHERE c.organization_id = @___currentUser_OrganizationId_0
      ORDER BY c.code
info: Microsoft.EntityFrameworkCore.Database.Command[20101]
      Executed DbCommand (4ms) [Parameters=[], CommandType='Text', CommandTimeout='30']
      SELECT m.id AS "Id", m.origin_module AS "OriginModule", m.code AS "Code", m.name AS "Name"
      FROM menus AS m
      WHERE m.page_path IS NOT NULL
      ORDER BY m.origin_module, m."order"
info: Microsoft.EntityFrameworkCore.Database.Command[20101]
      Executed DbCommand (3ms) [Parameters=[], CommandType='Text', CommandTimeout='30']
      SELECT m.id AS "Id", m.parent_menu_id AS "ParentMenuId", m.origin_module AS "OriginModule", m.code AS "Code", m.name AS "Name", m.icon AS "Icon", m.page_path AS "PagePath", m."order" AS "Order"
      FROM menus AS m
      WHERE m.is_active
info: Microsoft.EntityFrameworkCore.Database.Command[20101]
      Executed DbCommand (3ms) [Parameters=[], CommandType='Text', CommandTimeout='30']
      SELECT p.code
      FROM platform_modules AS p
info: Microsoft.EntityFrameworkCore.Database.Command[20101]
      Executed DbCommand (2ms) [Parameters=[@__organizationId_0='?' (DbType = Guid)], CommandType='Text', CommandTimeout='30']
      SELECT p.code
      FROM organization_module_visibilities AS o
      INNER JOIN platform_modules AS p ON o.module_id = p.id
      WHERE o.organization_id = @__organizationId_0 AND o.is_hidden
info: Microsoft.EntityFrameworkCore.Database.Command[20101]
      Executed DbCommand (3ms) [Parameters=[@__tokenHash_0='?'], CommandType='Text', CommandTimeout='30']
      SELECT u.id, u.company_id, u.created_at, u.ip_address, u.is_revoked, u.organization_id, u.revoked_at, u.token_hash, u.user_agent, u.user_id
      FROM user_sessions AS u
      WHERE u.token_hash = @__tokenHash_0
      LIMIT 1
info: Microsoft.EntityFrameworkCore.Database.Command[20101]
      Executed DbCommand (3ms) [Parameters=[@__organizationId_0='?' (DbType = Guid)], CommandType='Text', CommandTimeout='30']
      SELECT m.id, m.company_id, m.description, m.is_active, m.name, m.organization_id, m0.menu_group_id, m0.menu_id
      FROM menu_groups AS m
      LEFT JOIN menu_group_items AS m0 ON m.id = m0.menu_group_id
      WHERE m.organization_id IS NULL OR m.organization_id = @__organizationId_0
      ORDER BY m.name, m.id, m0.menu_group_id
info: Microsoft.EntityFrameworkCore.Database.Command[20101]
      Executed DbCommand (3ms) [Parameters=[@___currentUser_OrganizationId_0='?' (DbType = Guid)], CommandType='Text', CommandTimeout='30']
      SELECT c.id AS "Id", c.code AS "Code", c.name AS "Name"
      FROM companies AS c
      WHERE c.organization_id = @___currentUser_OrganizationId_0
      ORDER BY c.code
info: Microsoft.EntityFrameworkCore.Database.Command[20101]
      Executed DbCommand (5ms) [Parameters=[], CommandType='Text', CommandTimeout='30']
      SELECT m.id AS "Id", m.origin_module AS "OriginModule", m.code AS "Code", m.name AS "Name"
      FROM menus AS m
      WHERE m.page_path IS NOT NULL
      ORDER BY m.origin_module, m."order"
info: Microsoft.EntityFrameworkCore.Database.Command[20101]
      Executed DbCommand (4ms) [Parameters=[@__id_0='?' (DbType = Int64), @__organizationId_1='?' (DbType = Guid)], CommandType='Text', CommandTimeout='30']
      SELECT t.id, t.company_id, t.description, t.is_active, t.name, t.organization_id, m0.menu_group_id, m0.menu_id
      FROM (
          SELECT m.id, m.company_id, m.description, m.is_active, m.name, m.organization_id
          FROM menu_groups AS m
          WHERE m.id = @__id_0 AND (m.organization_id IS NULL OR m.organization_id = @__organizationId_1)
          LIMIT 1
      ) AS t
      LEFT JOIN menu_group_items AS m0 ON t.id = m0.menu_group_id
      ORDER BY t.id, m0.menu_group_id
info: Microsoft.EntityFrameworkCore.Database.Command[20101]
      Executed DbCommand (3ms) [Parameters=[], CommandType='Text', CommandTimeout='30']
      SELECT m.id AS "Id", m.parent_menu_id AS "ParentMenuId", m.origin_module AS "OriginModule", m.code AS "Code", m.name AS "Name", m.icon AS "Icon", m.page_path AS "PagePath", m."order" AS "Order"
      FROM menus AS m
      WHERE m.is_active
info: Microsoft.EntityFrameworkCore.Database.Command[20101]
      Executed DbCommand (3ms) [Parameters=[], CommandType='Text', CommandTimeout='30']
      SELECT p.code
      FROM platform_modules AS p
info: Microsoft.EntityFrameworkCore.Database.Command[20101]
      Executed DbCommand (1ms) [Parameters=[@__organizationId_0='?' (DbType = Guid)], CommandType='Text', CommandTimeout='30']
      SELECT p.code
      FROM organization_module_visibilities AS o
      INNER JOIN platform_modules AS p ON o.module_id = p.id
      WHERE o.organization_id = @__organizationId_0 AND o.is_hidden
info: Microsoft.EntityFrameworkCore.Database.Command[20101]
      Executed DbCommand (8ms) [Parameters=[@__tokenHash_0='?'], CommandType='Text', CommandTimeout='30']
      SELECT u.id, u.company_id, u.created_at, u.ip_address, u.is_revoked, u.organization_id, u.revoked_at, u.token_hash, u.user_agent, u.user_id
      FROM user_sessions AS u
      WHERE u.token_hash = @__tokenHash_0
      LIMIT 1
info: Microsoft.EntityFrameworkCore.Database.Command[20101]
      Executed DbCommand (8ms) [Parameters=[@___currentUser_OrganizationId_0='?' (DbType = Guid)], CommandType='Text', CommandTimeout='30']
      SELECT u.id AS "Id", u.username AS "Username", u.email AS "Email", u.is_admin AS "IsAdmin", u.is_active AS "IsActive", u.is_locked AS "IsLocked", u.last_login_at AS "LastLoginAt"
      FROM users AS u
      WHERE u.organization_id = @___currentUser_OrganizationId_0
      ORDER BY u.username
info: Microsoft.EntityFrameworkCore.Database.Command[20101]
      Executed DbCommand (5ms) [Parameters=[], CommandType='Text', CommandTimeout='30']
      SELECT m.id AS "Id", m.parent_menu_id AS "ParentMenuId", m.origin_module AS "OriginModule", m.code AS "Code", m.name AS "Name", m.icon AS "Icon", m.page_path AS "PagePath", m."order" AS "Order"
      FROM menus AS m
      WHERE m.is_active
info: Microsoft.EntityFrameworkCore.Database.Command[20101]
      Executed DbCommand (2ms) [Parameters=[], CommandType='Text', CommandTimeout='30']
      SELECT p.code
      FROM platform_modules AS p
info: Microsoft.EntityFrameworkCore.Database.Command[20101]
      Executed DbCommand (11ms) [Parameters=[@__organizationId_0='?' (DbType = Guid)], CommandType='Text', CommandTimeout='30']
      SELECT p.code
      FROM organization_module_visibilities AS o
      INNER JOIN platform_modules AS p ON o.module_id = p.id
      WHERE o.organization_id = @__organizationId_0 AND o.is_hidden
info: Microsoft.EntityFrameworkCore.Database.Command[20101]
      Executed DbCommand (2ms) [Parameters=[@__tokenHash_0='?'], CommandType='Text', CommandTimeout='30']
      SELECT u.id, u.company_id, u.created_at, u.ip_address, u.is_revoked, u.organization_id, u.revoked_at, u.token_hash, u.user_agent, u.user_id
      FROM user_sessions AS u
      WHERE u.token_hash = @__tokenHash_0
      LIMIT 1
info: Microsoft.EntityFrameworkCore.Database.Command[20101]
      Executed DbCommand (1ms) [Parameters=[@__userId_0='?' (DbType = Guid), @___currentUser_OrganizationId_1='?' (DbType = Guid)], CommandType='Text', CommandTimeout='30']
      SELECT u.id, u.created_at, u.email, u.failed_login_attempts, u.has_two_factor_enabled, u.is_active, u.is_admin, u.is_email_confirmed, u.is_locked, u.last_login_at, u.organization_id, u.password_hash, u.password_salt, u.two_factor_method, u.two_factor_secret, u.username
      FROM users AS u
      WHERE u.id = @__userId_0 AND u.organization_id = @___currentUser_OrganizationId_1
      LIMIT 1
info: Microsoft.EntityFrameworkCore.Database.Command[20101]
      Executed DbCommand (2ms) [Parameters=[@___currentUser_OrganizationId_0='?' (DbType = Guid)], CommandType='Text', CommandTimeout='30']
      SELECT c.id AS "Id", c.code AS "Code", c.name AS "Name"
      FROM companies AS c
      WHERE c.organization_id = @___currentUser_OrganizationId_0
      ORDER BY c.code
info: Microsoft.EntityFrameworkCore.Database.Command[20101]
      Executed DbCommand (1ms) [Parameters=[@__organizationId_0='?' (DbType = Guid)], CommandType='Text', CommandTimeout='30']
      SELECT m.id AS "Id", m.name AS "Name"
      FROM menu_groups AS m
      WHERE m.is_active AND (m.organization_id IS NULL OR m.organization_id = @__organizationId_0)
      ORDER BY m.name
info: Microsoft.EntityFrameworkCore.Database.Command[20101]
      Executed DbCommand (1ms) [Parameters=[], CommandType='Text', CommandTimeout='30']
      SELECT m.id AS "Id", m.origin_module AS "OriginModule", m.code AS "Code", m.name AS "Name"
      FROM menus AS m
      WHERE m.page_path IS NOT NULL
      ORDER BY m.origin_module, m."order"
info: Microsoft.EntityFrameworkCore.Database.Command[20101]
      Executed DbCommand (1ms) [Parameters=[@__organizationId_0='?' (DbType = Guid)], CommandType='Text', CommandTimeout='30']
      SELECT p.id AS "Id", p.name AS "Name"
      FROM profiles AS p
      WHERE p.organization_id IS NULL OR p.organization_id = @__organizationId_0
      ORDER BY p.name
info: Microsoft.EntityFrameworkCore.Database.Command[20101]
      Executed DbCommand (1ms) [Parameters=[@__userId_0='?' (DbType = Guid), @___currentUser_OrganizationId_1='?' (DbType = Guid)], CommandType='Text', CommandTimeout='30']
      SELECT EXISTS (
          SELECT 1
          FROM users AS u
          WHERE u.id = @__userId_0 AND u.organization_id = @___currentUser_OrganizationId_1)
info: Microsoft.EntityFrameworkCore.Database.Command[20101]
      Executed DbCommand (1ms) [Parameters=[@__companyId_0='?' (DbType = Guid), @___currentUser_OrganizationId_1='?' (DbType = Guid)], CommandType='Text', CommandTimeout='30']
      SELECT EXISTS (
          SELECT 1
          FROM companies AS c
          WHERE c.id = @__companyId_0 AND c.organization_id = @___currentUser_OrganizationId_1)
info: Microsoft.EntityFrameworkCore.Database.Command[20101]
      Executed DbCommand (1ms) [Parameters=[@__userId_0='?' (DbType = Guid), @__companyId_1='?' (DbType = Guid)], CommandType='Text', CommandTimeout='30']
      SELECT u.menu_group_id
      FROM user_menu_groups AS u
      WHERE u.user_id = @__userId_0 AND u.company_id = @__companyId_1
info: Microsoft.EntityFrameworkCore.Database.Command[20101]
      Executed DbCommand (1ms) [Parameters=[@__userId_0='?' (DbType = Guid), @__companyId_1='?' (DbType = Guid)], CommandType='Text', CommandTimeout='30']
      SELECT u.user_id, u.menu_id, u.company_id, u.profile_id
      FROM user_menu_profiles AS u
      WHERE u.user_id = @__userId_0 AND u.company_id = @__companyId_1
info: Microsoft.EntityFrameworkCore.Database.Command[20101]
      Executed DbCommand (2ms) [Parameters=[], CommandType='Text', CommandTimeout='30']
      SELECT m.id AS "Id", m.parent_menu_id AS "ParentMenuId", m.origin_module AS "OriginModule", m.code AS "Code", m.name AS "Name", m.icon AS "Icon", m.page_path AS "PagePath", m."order" AS "Order"
      FROM menus AS m
      WHERE m.is_active
info: Microsoft.EntityFrameworkCore.Database.Command[20101]
      Executed DbCommand (4ms) [Parameters=[], CommandType='Text', CommandTimeout='30']
      SELECT p.code
      FROM platform_modules AS p
info: Microsoft.EntityFrameworkCore.Database.Command[20101]
      Executed DbCommand (1ms) [Parameters=[@__organizationId_0='?' (DbType = Guid)], CommandType='Text', CommandTimeout='30']
      SELECT p.code
      FROM organization_module_visibilities AS o
      INNER JOIN platform_modules AS p ON o.module_id = p.id
      WHERE o.organization_id = @__organizationId_0 AND o.is_hidden
info: Microsoft.EntityFrameworkCore.Database.Command[20101]
      Executed DbCommand (3ms) [Parameters=[@__tokenHash_0='?'], CommandType='Text', CommandTimeout='30']
      SELECT u.id, u.company_id, u.created_at, u.ip_address, u.is_revoked, u.organization_id, u.revoked_at, u.token_hash, u.user_agent, u.user_id
      FROM user_sessions AS u
      WHERE u.token_hash = @__tokenHash_0
      LIMIT 1
info: Microsoft.EntityFrameworkCore.Database.Command[20101]
      Executed DbCommand (3ms) [Parameters=[@__organizationId_0='?' (DbType = Guid)], CommandType='Text', CommandTimeout='30']
      SELECT m.id, m.company_id, m.description, m.is_active, m.name, m.organization_id, m0.menu_group_id, m0.menu_id
      FROM menu_groups AS m
      LEFT JOIN menu_group_items AS m0 ON m.id = m0.menu_group_id
      WHERE m.organization_id IS NULL OR m.organization_id = @__organizationId_0
      ORDER BY m.name, m.id, m0.menu_group_id
info: Microsoft.EntityFrameworkCore.Database.Command[20101]
      Executed DbCommand (1ms) [Parameters=[@___currentUser_OrganizationId_0='?' (DbType = Guid)], CommandType='Text', CommandTimeout='30']
      SELECT c.id AS "Id", c.code AS "Code", c.name AS "Name"
      FROM companies AS c
      WHERE c.organization_id = @___currentUser_OrganizationId_0
      ORDER BY c.code
info: Microsoft.EntityFrameworkCore.Database.Command[20101]
      Executed DbCommand (2ms) [Parameters=[], CommandType='Text', CommandTimeout='30']
      SELECT m.id AS "Id", m.origin_module AS "OriginModule", m.code AS "Code", m.name AS "Name"
      FROM menus AS m
      WHERE m.page_path IS NOT NULL
      ORDER BY m.origin_module, m."order"
info: Microsoft.EntityFrameworkCore.Database.Command[20101]
      Executed DbCommand (5ms) [Parameters=[], CommandType='Text', CommandTimeout='30']
      SELECT m.id AS "Id", m.parent_menu_id AS "ParentMenuId", m.origin_module AS "OriginModule", m.code AS "Code", m.name AS "Name", m.icon AS "Icon", m.page_path AS "PagePath", m."order" AS "Order"
      FROM menus AS m
      WHERE m.is_active
info: Microsoft.EntityFrameworkCore.Database.Command[20101]
      Executed DbCommand (2ms) [Parameters=[], CommandType='Text', CommandTimeout='30']
      SELECT p.code
      FROM platform_modules AS p
info: Microsoft.EntityFrameworkCore.Database.Command[20101]
      Executed DbCommand (2ms) [Parameters=[@__organizationId_0='?' (DbType = Guid)], CommandType='Text', CommandTimeout='30']
      SELECT p.code
      FROM organization_module_visibilities AS o
      INNER JOIN platform_modules AS p ON o.module_id = p.id
      WHERE o.organization_id = @__organizationId_0 AND o.is_hidden
info: Microsoft.EntityFrameworkCore.Database.Command[20101]
      Executed DbCommand (3ms) [Parameters=[@__tokenHash_0='?'], CommandType='Text', CommandTimeout='30']
      SELECT u.id, u.company_id, u.created_at, u.ip_address, u.is_revoked, u.organization_id, u.revoked_at, u.token_hash, u.user_agent, u.user_id
      FROM user_sessions AS u
      WHERE u.token_hash = @__tokenHash_0
      LIMIT 1
info: Microsoft.EntityFrameworkCore.Database.Command[20101]
      Executed DbCommand (4ms) [Parameters=[@___currentUser_OrganizationId_0='?' (DbType = Guid)], CommandType='Text', CommandTimeout='30']
      SELECT u.id AS "Id", u.username AS "Username", u.email AS "Email", u.is_admin AS "IsAdmin", u.is_active AS "IsActive", u.is_locked AS "IsLocked", u.last_login_at AS "LastLoginAt"
      FROM users AS u
      WHERE u.organization_id = @___currentUser_OrganizationId_0
      ORDER BY u.username
info: Microsoft.EntityFrameworkCore.Database.Command[20101]
      Executed DbCommand (3ms) [Parameters=[], CommandType='Text', CommandTimeout='30']
      SELECT m.id AS "Id", m.parent_menu_id AS "ParentMenuId", m.origin_module AS "OriginModule", m.code AS "Code", m.name AS "Name", m.icon AS "Icon", m.page_path AS "PagePath", m."order" AS "Order"
      FROM menus AS m
      WHERE m.is_active
info: Microsoft.EntityFrameworkCore.Database.Command[20101]
      Executed DbCommand (2ms) [Parameters=[], CommandType='Text', CommandTimeout='30']
      SELECT p.code
      FROM platform_modules AS p
info: Microsoft.EntityFrameworkCore.Database.Command[20101]
      Executed DbCommand (4ms) [Parameters=[@__organizationId_0='?' (DbType = Guid)], CommandType='Text', CommandTimeout='30']
      SELECT p.code
      FROM organization_module_visibilities AS o
      INNER JOIN platform_modules AS p ON o.module_id = p.id
      WHERE o.organization_id = @__organizationId_0 AND o.is_hidden
info: Microsoft.EntityFrameworkCore.Database.Command[20101]
      Executed DbCommand (8ms) [Parameters=[@__tokenHash_0='?'], CommandType='Text', CommandTimeout='30']
      SELECT u.id, u.company_id, u.created_at, u.ip_address, u.is_revoked, u.organization_id, u.revoked_at, u.token_hash, u.user_agent, u.user_id
      FROM user_sessions AS u
      WHERE u.token_hash = @__tokenHash_0
      LIMIT 1
info: Microsoft.EntityFrameworkCore.Database.Command[20101]
      Executed DbCommand (2ms) [Parameters=[@__userId_0='?' (DbType = Guid), @___currentUser_OrganizationId_1='?' (DbType = Guid)], CommandType='Text', CommandTimeout='30']
      SELECT u.id, u.created_at, u.email, u.failed_login_attempts, u.has_two_factor_enabled, u.is_active, u.is_admin, u.is_email_confirmed, u.is_locked, u.last_login_at, u.organization_id, u.password_hash, u.password_salt, u.two_factor_method, u.two_factor_secret, u.username
      FROM users AS u
      WHERE u.id = @__userId_0 AND u.organization_id = @___currentUser_OrganizationId_1
      LIMIT 1
info: Microsoft.EntityFrameworkCore.Database.Command[20101]
      Executed DbCommand (6ms) [Parameters=[@___currentUser_OrganizationId_0='?' (DbType = Guid)], CommandType='Text', CommandTimeout='30']
      SELECT c.id AS "Id", c.code AS "Code", c.name AS "Name"
      FROM companies AS c
      WHERE c.organization_id = @___currentUser_OrganizationId_0
      ORDER BY c.code
info: Microsoft.EntityFrameworkCore.Database.Command[20101]
      Executed DbCommand (4ms) [Parameters=[@__organizationId_0='?' (DbType = Guid)], CommandType='Text', CommandTimeout='30']
      SELECT m.id AS "Id", m.name AS "Name"
      FROM menu_groups AS m
      WHERE m.is_active AND (m.organization_id IS NULL OR m.organization_id = @__organizationId_0)
      ORDER BY m.name
info: Microsoft.EntityFrameworkCore.Database.Command[20101]
      Executed DbCommand (2ms) [Parameters=[], CommandType='Text', CommandTimeout='30']
      SELECT m.id AS "Id", m.origin_module AS "OriginModule", m.code AS "Code", m.name AS "Name"
      FROM menus AS m
      WHERE m.page_path IS NOT NULL
      ORDER BY m.origin_module, m."order"
info: Microsoft.EntityFrameworkCore.Database.Command[20101]
      Executed DbCommand (4ms) [Parameters=[@__organizationId_0='?' (DbType = Guid)], CommandType='Text', CommandTimeout='30']
      SELECT p.id AS "Id", p.name AS "Name"
      FROM profiles AS p
      WHERE p.organization_id IS NULL OR p.organization_id = @__organizationId_0
      ORDER BY p.name
info: Microsoft.EntityFrameworkCore.Database.Command[20101]
      Executed DbCommand (4ms) [Parameters=[@__userId_0='?' (DbType = Guid), @___currentUser_OrganizationId_1='?' (DbType = Guid)], CommandType='Text', CommandTimeout='30']
      SELECT EXISTS (
          SELECT 1
          FROM users AS u
          WHERE u.id = @__userId_0 AND u.organization_id = @___currentUser_OrganizationId_1)
info: Microsoft.EntityFrameworkCore.Database.Command[20101]
      Executed DbCommand (2ms) [Parameters=[@__companyId_0='?' (DbType = Guid), @___currentUser_OrganizationId_1='?' (DbType = Guid)], CommandType='Text', CommandTimeout='30']
      SELECT EXISTS (
          SELECT 1
          FROM companies AS c
          WHERE c.id = @__companyId_0 AND c.organization_id = @___currentUser_OrganizationId_1)
info: Microsoft.EntityFrameworkCore.Database.Command[20101]
      Executed DbCommand (3ms) [Parameters=[@__userId_0='?' (DbType = Guid), @__companyId_1='?' (DbType = Guid)], CommandType='Text', CommandTimeout='30']
      SELECT u.menu_group_id
      FROM user_menu_groups AS u
      WHERE u.user_id = @__userId_0 AND u.company_id = @__companyId_1
info: Microsoft.EntityFrameworkCore.Database.Command[20101]
      Executed DbCommand (4ms) [Parameters=[@__userId_0='?' (DbType = Guid), @__companyId_1='?' (DbType = Guid)], CommandType='Text', CommandTimeout='30']
      SELECT u.user_id, u.menu_id, u.company_id, u.profile_id
      FROM user_menu_profiles AS u
      WHERE u.user_id = @__userId_0 AND u.company_id = @__companyId_1
info: Microsoft.EntityFrameworkCore.Database.Command[20101]
      Executed DbCommand (3ms) [Parameters=[], CommandType='Text', CommandTimeout='30']
      SELECT m.id AS "Id", m.parent_menu_id AS "ParentMenuId", m.origin_module AS "OriginModule", m.code AS "Code", m.name AS "Name", m.icon AS "Icon", m.page_path AS "PagePath", m."order" AS "Order"
      FROM menus AS m
      WHERE m.is_active
info: Microsoft.EntityFrameworkCore.Database.Command[20101]
      Executed DbCommand (3ms) [Parameters=[], CommandType='Text', CommandTimeout='30']
      SELECT p.code
      FROM platform_modules AS p
info: Microsoft.EntityFrameworkCore.Database.Command[20101]
      Executed DbCommand (3ms) [Parameters=[@__organizationId_0='?' (DbType = Guid)], CommandType='Text', CommandTimeout='30']
      SELECT p.code
      FROM organization_module_visibilities AS o
      INNER JOIN platform_modules AS p ON o.module_id = p.id
      WHERE o.organization_id = @__organizationId_0 AND o.is_hidden
